part,Description,qty,
MMZ1608B471CTAH0,FERRITE BEAD 470 OHM 0603 1LN,137,
TPS51200DRCR,,93,
C0402C104K4RACTU,,9900,
ERJ-2RKF1003X,,17266,
3852A-286-502AL,,1,
SI2392ADS-T1-GE3,,31,
SM712-TP,,9,
MINISMDC150F/24-2,,1,
MMSZ5244B,,37,
C0603C104M5R,,36,
TC649BEUA,,1,
C0603C103M5R,,3,
C0603C105K3P,,192,
ERJ-3EKF5601V,,236,
ERJ-3EKF1651V,,273,
C0603C475M9P,,79,
ERJ-3EKF1203V,,110,
530480210,,3,
LM3480IM3-5.0NOPB,,5,
C0805C225K3PACTU,,83,
LM4132AMF-1.8/NOPB,,18,
112705,,1,
TLV2401IDR,,5,
ERJ-2RKF10R0X,,224,
BCM53125SKMMLG,,3,
BCM53125SIMMLG,,60,
C1608X5R1A226M080AC,,183,
ERJ-2RKF1001X,,8396,
SPM5012T-3R3M-LR,,31,
AT93C66B-MAHM-T,,25,
DF40C-100DP-0.4V(51),,9,
ERJ-2RKF5760X,,310,
C0402C105K4PAC7867,,2916,
ERJ-2RKF4701X,,211,
ERJ-2RKF1241X,,762,
C0402C101K4GACTU,,60,
C0402C240J3GACTU,,241,
782853680,,55,
GRM188R61A106ME69D,,260,
ERJ-2RKF22R0X,,810,
FQ3225BR-25.000,,20,
ERJ-2RKF3300X,,150,
C0402C100K4GACTU,,141,
APHBM2012LVBDZGKC,,41,
CL10A106KP8NNNC,,100,
MAX6711TEXS+T,,17,
C1206C102KGRACTU,,70,
CL05X105KP5NNNC,,50,
FDC6327C,,90,
ERJ-2RKF3000X,,640,
LNJ037X8ARA,,64,
C1206C102JGRACTU,,20,
RC0402FR-074K99L,,331,
ERJ-2GEJ103X,,8,
DB2441700L,,13,
CL10A106MA8NRNC,,10,
EMK105BJ105KVHF,,44,
T97F107M035HAA,,1,
T491D227K016AT,,2,
F750G108KDC,,5,
T491C106K035AT,,16,
C1608X7S2A104K080AB,,166,
CBR02C120F3GAC,,242,
C2012X5R1A476M125AC,,34,
EMVE630ADA101MJA0G,,10,
RC0402JR-077R5L,,174,
RC0402FR-0775RL,,72,
RC0603FR-073K3L,,266,
ERJ-1GEJ103C,,420,
TPS73218DBVR,,11,
EQCO30T5.2,,3,
SO7320FCDR,,5,
TPS51100DGQR,,9,
TPS54331DDA,,6,
LT4275AIDD#PBF,,4,
LT4321IUF#PBF,,5,
PI6C5922504ZHIEX,,2,
ABM8-114.285MHZ-D2X-T,,6,
DSC1123CI5-125.0000,,6,
ASEMPLV-156.250MHZ-LR-T,,1,
LIS2DH12TR,,9,
MR25H256CDC,,1,
FL5000058Z,,36,
FDN8601,,93,
SMAJ58A-13-F,,70,
B340A-13-F,,21,
SMLP34RGB2W3,,5,
FBMH1608HM102-T,,18,60
1812PS-103KLC,,7,
ST-0402S,,9,
DF13-3P-1.25DSA(50),,2,
LT4275BHDD#PBF,,2,
AMK325ABJ227MM-T,,24,
GRM21BR61A476ME5L,,46,
SI5324C-C-GM,,1,
IS61WV102416BLL-10MLI,,1,
TW-10-03-F-D-320-090,,13,
AT25DF041B-MHNHR-T,,4,
PTB78560CAH,,1,
RC0201FR-0710KL,,200,
MAXM17761ALI#,,1,
APFA2507LQBDSEEZGKC,,30,
0ZCG0050AF2C,,90,
MLZ2012N150LT000,,90,
CSD19502Q5BT,,1,
FMMT491QTA,,40,
MM3Z5V6B,,40,
5.0SMDJ13A,,23,
5.0SMDJ54A,,23,
SDM1100S1F-7,,40,
532610271,,3,
1017504,,1,
CGA5L3X7S2A225K160AB,,10,
CL31A226KAHNNNE,,30,
EEE-FT1E102UP,,1,
UCD1J680MNL1GS,,1,
ERJ-3EKF1601V,,140,
ERJ-3EKF1183V,,140,
ERJ-3EKF1303V,,140,
ERJ-3EKF2433V,,140,
ERJ-3EKF2402V,,140,
ERJ-3EKF5903V,,140,
ERJ-3EKF6982V,,140,
ERJ-6GEY0R00V,,140,
CRCW12103R00FKEAHP,,90,
CRCW121051R0JNEAHP,,90,
5.0SMDJ36A,,150,
ERJ-8GEY0R00V,,188,
ADM3260ARSZ-RL7,,1,
BTS500851TMAATMA1,,2,
CQB75W-24S15,,7,
LTC4359HMS8#PBF,,2,
MCF51JM128VLK,,1,
ROF-78E5.0-0.5SMD-R,,1,
TLV1701AIDBVR,,21,
IPT007N06NATMA1,,2,
STL11N6F7,,84,
SQM120P04-04L_GE3,,2,
DMP510DL-7,,96,
LSY T67B-S1T2+T1U2-1-Z,,96,
LT T673-Q2S1-25-26E6-10-R18-Z,,84,
LS T67D-T2V1-1-1-20-R18-Z,,96,
IHLP2020CZER4R7 M11,,2,
SRP6060FA-8R2M,,21,
MM3Z4V7B,,134,
MM3Z2V4B,,96,
SSA210,,92,
MMSZ5242B,,192,
3413.0332.22,,17,
3413.0331.22,,21,
3413.0328.22,,21,
530470510,,2,
ERJ-3EKF1101V,,184,
SDR03EZPJ100,,246,
ERJ-3EKF3002V,,196,
ERJ-3EKF2003V,,246,
ERJ-3EKF4993V  ,,246,
ERJ-3EKF1072V,,192,
ERJ-3EKF6202V,,196,
ERJ-6CWFR010V,,92,
CL10A105KB8NNNC,,176,
C0603C475M8PACTU,,134,
C0603C106M8PAC7867,,130,
CGA3E3X5R1H684M080AB,,142,
GRM21BC72A105KE01L,,96,
GCM31CR71E475KA55K,,92,
EMZA500ADA470MF80G,,42,
EMZR500ARA101MF80G,,42,
GRM21BR60J107ME15L,,1100,
"JMK212BBJ476MG-T
",,1150,
GRM155C80J106ME11D,,1100,
02016D105MAT2A,,1800,
GRM188R61E105KAADD,,750,
GRM035R60J475ME15D,,2400,
GRM033R71A103KA01D,,10000,
CL05A475MO5NUNC,,250,
04026D475MAT2A,,700,
GRM033R70J332KA01D,,750,
GRM21BR61E226ME44K,,50,
GRM32EC81C476KE15L,,650,
C1005X5R1E104K050BC,,120,
FH33-6S-0.5SH(10),,37,
LQP15MN6N8B02D,,130,
VLS252010T-1R0N,,18,
FBMH3216HM221NT,,140,
MPZ2012S102ATD25,,150,
MPZ1608S601ATA00,,100,
742792040,,42,
B59623A90A62,,20,
RC1005J100CS,,4400,
CRCW04021R00FKED,,250,
CRCW040211K0FKED,,750,
CRCW040245K3FKED,,380,
RC0201FR-07100RL,,2200,
RC0201FR-078K87L,,192,
ERJ-1GEF6981C,,80,
ERJ-3EKF1472V,,80,
ERJ-1GNF1022C,,90,
ERJ-1GEF6341C,,90,
RC0603J103CS,,450,
RC0402FR-07232KL,,800,
RMCF0603JT10M0,,140,
RC0201JR-072K4L,,650,
TNPW040244K2BEED,,90,
ERJ-1GEF2400C,,50,
ERJ-1RHD1003C,,800,
ERJ-2GE0R00X,,190,
ERJ-1GEF5101C,,190,
TPS22922YFPR,,45,
MIC6315-31D4UY TR,,140,
MIC23156-0YML T5,,100,
5025700893,,2,
LMZ21700SILT,,3,
74AXP1T125GSH,,100,
TLV3501AIDBVT,,5,
ASFLMPLV-148.500MHZ-LR-T,,30,
LMH0303SQE/NOPB,,140,
XCL210C181GR-G,,36,
SN74AVC4T245RSVR,,32,
"74AUP1T34GM,115",,120,
"74AVC1T45GS,132",,90,
RC0201FR-0734R8L,,300,
RC0201FR-0748R7L,,300,
RC0201FR-0740R2L,,300,
ADM2582EBRWZR7,,15,
53047-0410,,1,
13R222C,,1,
BSZ340N08NS3G,,5,
EEU-ED2D101,,3,
DF40C(2.0)-40DS-0.4V(51),,1,
EN3P6MRAPCX,,1,
ERJ-14Y,,4,
3403.0277.11,,1,
ERJ-3EKF1001V,,237,
RC6432J000CS,,45,
35221R0JT,,14,
ERJ-3EKF1000V,,212,
MCP4562-103E/MS,,4,
ERJ-3EKF3001V,,200,
B2GA331KYNA,,3,
C0805C106K3PAC7800,,60,
UPM1E821MHD6TN,,1,
5.0SMDJ150A,,5,
3360C-1-502LF,,1,
UPW1E152MHD,,1,
ERJ-3EKF1003V,,112,
ERJ-3EKF1501V,,158,
UCZ1K220MCL1GS,,25,
UZS1E330MCL1GB,,25,
LMZ14203HTZX/NOPB,,1,
SML-D12M8WT86,,89,
IHLP2020CZER3R3 M01,,5,
MM3Z5V6C,,18,
"PMEG3050EP,115",,47,
DB2J31400L,,10,
1123684-7,,5,
1727010,,2,
ERJ-3EKF1503V,,170,
ERJ-3EKF2201V,,170,
ERJ-3EKF3602V,,182,
ERJ-3EKF3743V,,170,
ERJ-3EKF5361V,,170,
ERJ-3EKF7502V,,72,
KRL1632E-M-R007-G-T5,,52,
TMK107B7105KA-T,,150,
GRM188R71E474KA12D,,120,
C0603C223K5RACTU,,170,
C0603C472K5RACTU,,170,
GRM219R6YA475MA73D,,174,
C1210C226M3RACTU,,7,
SN74LVC1T45DCKT,,20,
ERJ-2RKF2433X,,9430,
ERJ-2RKF4990X,,183,
GD25Q80CEIGR,,15,
SST25PF020B-80-4C-Q3AE-T,,14,
RT7239GSP,,84,
TPS82084SILR,,3,
SIT9121AI-1C1-XXE156.250000Y,,15,
TLC7733IDR,,16,
TSX-3225 25.0000MF18X-G0,,40,
3412.0124.22,,15,
SMAJ12A,,95,
IHLP2020CZER1R5M01,,35,
IHLP2020CZER2R2M01,,21,
IN-S42BT5G,,22,
IN-S42BT5Y,,120,
IN-S42BTR,,140,
ACML-0402HC-301-T,,40,
MPZ1608S101ATAH0,,176,
MI0603L301R-10,,130,
BLM18SG221TN1D,,26,
MPZ1608S300ATAH0,,140,
ERF5-060-05.0-L-DV-K-TR,,2,
C0402C224K9PAC7867,,140,
CC0402KRX5R6BB824,,190,
C0402C120K4GAC7867,,180,
C0402C220J3GACTU,,90,
CL05A226MQ5N6J8,,30,
C0402C270J3GAC7867,,180,
C0402C335M7PACTU,,40,
C0402C392K4RAC7867,,180,
GRM188R61C106KAALD,,165,
ERJ-2RKF1021X,,190,
ERJ-2RKF1073X,,180,
ERJ-2RKF1372X,,190,
ERJ-2RKF1500X,,190,
ERJ-2RKF1623X,,100,
ERJ-2RKF2053X,,180,
ERJ-2RKF2152X,,185,
ERJ-2RKF2212X,,180,
ERJ-2RKF2742X,,190,
ERJ-2RKF3301X,,180,
ERJ-2RKF3483X,,180,
ERJ-2RKF4531X,,180,
ERJ-2RKF4991X,,188,
ERJ-2RKF4022X,,180,
ERJ-2RKF4122X,,180,
ERJ-2RKF4752X,,218,
ERJ-2RKF5103X,,180,
ERJ-2RKF6041X,,160,
ERJ-2RKF6800X,,180,
HLS-000200-B-10 REV B,,1,
ERJ-1GEF1000C,,14404,
CL32A227MQVNNNE,,5,
C0805C475K3PACTU,,2397,
1808HC102KAT1A,,3886,
C0603C104K5RACTU,,254,
C0603C106M9PACTU,,8,
C0805C472KCRAC7800,,4,
C0402C475M7PACTU,,220,
C2012X5R1C226K125AC,,1000,
M50-34,,50,
EEE-FK1C470UR,,50,
GRM0335C1E470JA01D,,196,
C3216X5R1E476M160AC,,2000,
GRM21BR60G107ME15L,,59,
CL05A106MR5NRNC,,700,
T520B337M2R5ATE045,,9,
"PESD5V0U1UA,115",,150,
GRM188R60G476ME15D,,5,
XCL206B183CR-G,,25,
RC0201FR-071K6L,,200,
C1005X5R0J104K050BA,,200,
C2012X7R2A104K,,154,
C2012X7R2A102K,,118,
GRM155R61E105MA12D,,140,
GRM188R6YA106MA73D,,4,
C3216X5R1C476M160AB,,18,
C2012X5R1V226M125AC,,40,
TAJE227K016RNJ,,8,
RC0402FR-0725K5L,,168,
RC0402FR-0721K5L,,168,
GRM188R61A226ME15D,,175,
CC0201KRX7R8BB471,,75,
MIC5219-5.0YM5-TR,,5,
RC0603JR-070RL,,50,
GRM033R60J104KE19D,,50,
C1005X7R1H104K050BB,,400,
EEE-FK1J220XP,,55,
C1608X7R1E105K080AB,,40,
C5750X7S2A106M230KB,,4,
CIM10J601NC,,5100,
GCM188R71H104KA57D,,550,
CC0603MRX5R6BB226,,380,
CL10A475KO8NNNC,,330,
02016D104KAT2A,,1700,
GRM32EC72A106KE05L,,200,
C1608X5R1A106K080AC,,50,
ULD2D5R6MED1TD,,374,
CRCW040260K4FKED,,775,
GRM31CR61H106KA12L,,17,
RC0201FR-0710RL,,850,
ERJ-1GEF8871C,,200,
CRCW02011K00FNED,,250,
TAJE337M016RNJ,,94,
MT48LC8M16A2,,20,
PL130-07QC,,6,
B82498F3569K,,8,
RK73H1ET-F,,45,
74AXP1T125GMH,,20,
GRM155R60J106ME15D,,190,
ERJ-2RKF5900X,,240,
ERJ-2RKF1002X,,180,
C0402C103K4RACTU,,200,
C0402C225K9PAC7867,,236,
DF40C-60DP-0.4V(51),,6,
C0402C475M9PAC7867,,190,
DF40HC(3.0)-40DS-0.4V(51),,6,
C0402C105K9PACTU,,200,
10M02SCM153I7G,,1,
SIT1602AI-12-33E-40.000000G,,40,
MCF51QM128VHS,,1,
BTE-020-01-F-D-A-K,,4,
PJ-056,,96,
FTS-105-03-L-D,,1,
1775862-2,,9,
LSS-120-01-F-DV-A-TR used,,30,
BM22L-4P-V(53),,14,
PEC06DAAN,,15,
U.FL-R-SMT(10),,40,
HLS-000030-B-10,,2,
DF3-2S-2C,,490,
22-12-2044,,157,
ASFLMPLV-148.3516MHZ-LY-T,,1,
PD-40VS,,6,
SS-7188VS-A-NF-50,,39,
SSW-103-01-G-S,,38,
BM22-6S-V(53),,1,
591D108X96R3R2T20H,,1,
CL03A105MP3NSNC,,25,
GRM31CR60G227ME11L,,34,
KAS2108ET,,2,
2060-452/998,,20,
CCS-188993-02-CN,,9,
LXDC3EP12A-104,,442,
LXDC3EP25A-109,,3,
LXDC3EP33A-107,,3,
0555-0-15-15-20-27-10-0,,500,
MUSBRM1C130,,9,
MUSBRM5C130,,2,
M2013LL1G03,,22,
1000-345F-0357-01A1,,5,
LXDC55KAAA-205,,86,
518-77-478M26-131106,,2,
JT7-1104NL,,17,
JTAG-HS3,,3,
034-1018-12G,,37,
034-1030,,17,
89990-0007,,8,
HW-USB-FLYLEADS-G,,4,
15-24-6060,,88,
7443340220,,110,
5-1634516-5,,5,
10-16-14A-209-281UM-R27-L14,,25,
C13085_MIRELLA-50-S-PF,,85,
CN11770_IRIS,,246,
Alysiu Rj45 Cables,,10,
ADUM5242ARZ-RL7,,16,
AD7415ARTZ-1500RL7,,593,
TPS73225DBVT,,258,
NC7WZ17P6X,,1034,
TPS73218DBVT,,6,
QPI-5LZ-01,,1,
A1080A,,7,
XCKU035-1FBVA900CES9919,,1,
XC7K160T-2FFG676I,,1,
LTC2620IGN#PBF,,77,
88E1512-A0-NNP2I000,,93,
88X3220PA0-BTH4C000,,46,
10M08DAF256C8G,,23,
XC7K410T-2FFG676I reballed,,4,
BCM53162XMB1ILFBG,,9,
PI3EQX16904GLZHEX,,10,
MT40A256M16LY-062E,,352,
MT25QU02GCBB8E12-0SIT,,392,
SL28PCIE14ALI,,65,
XCKU060-1FFVA1156I ,,10,
LT3080EDD#TRPBF,,15,
LTM4644IY#PBF,,316,
MT25QL02GCBB8E12-0SIT,,71,
MT25QL512ABB1EW9-0SIT,,192,
MT52L1G32D4PG-107WT:B,,530,
IMX420LQJ-C,,25,
IMX421LQJ-C,,25,
LMH0340SQ/NOPB,,16,
NBM2317S60E1560T0R,,3,
R-78B5.0-1.5L,,2,
XC5VLX330-1FFG1760,,2,
511BCA100M000BAG,,5,
88E1543-A1-LKJ2C000,,10,
BCM53161XUB1KLFBG,,5,
EEF-UE0G331R,,100,
MT52L1G32D4PG-107WT:B (new batch),,500,
XC7A100T-3CSG324E,,3,
TMM-118-02-L-S,,5,
TMM-105-02-L-S,,8,
SMAJ58CA,,22,
ECS-P73-74.250-B,,85,
LP38692SD-1. 8/NOPB,,9,
ERJ-3EKF 1002V,,24,
U.FL-R-SMT-1(10),,7,
ASEMPC-25.000MHZ-R-T,,8,
CONMICFEM38SMT,,5,
ATS-P1-25-C2-R0,,1,
ATS-H1-28-C2-R0,,1,
HA60251V4-1000U-A99,,2,
ATS-1H-30-C2-R0,,1,
ATS-CPX060060025-132-C2-R0,,1,
NA40201V4-000U-999,,2,
ATS-P2-23-C2-R0,,1,
QMS-026-09.75-SL-D-A,,10,
QFS-026-04.25-L-D-A,,10,
BPZ456-1230-26AA01,,6,
RS9110-N-11-28-04,,4,
598-8810-307F,,30,
XHP70B-00-0000-0D0BP20E2CT-ND,,7,
XHP70A-01-0000-0D0BN20E1,,1,
SMP4-SRGB,,17,
SML-A12V8TT86,,140,
LNJ024X4ARA,,561,
CLV1A-FKB-CJ1M1F1BB7R4S3,,9,
FW-05-02-L-D-340-140,,11,
EEU-FR1J271UB,,196,
SSW-104-01-G-S,,31,
TSW-103-14-G-S,,38,
TSW-104-14-G-S,,158,
PLP1-375-F,,28,
0458005.DR,,6,
ESD9L5.0ST5G,,38,
CGA9P3X7S2A156M250KB,,30,
BM22-4S-V(53),,13,
SFMC-107-01-L-D-K,,3,
1417-0219,,14,
XPLAWT-00-0000-0000V5051,,18,
ECG.2B.308.CLN,,84,
ECG.2B.316.CLN,,56,
ECG.0B.302.CLV,,5,
ECG.2B.318.CLN,,4,
ECG.1B.304.CLN,,23,
PEN.2M.319.XLMT,,1,
EGA.2B.316.CLL,,1,
EGN.0M.304.XLM,,1,
ECG.1B.314.CLV,,10,
12107C472KAT2A,,8,
RC0603FR-07100KL,,239,
BTS50085-1TMA,,3,
DF3-3P-2DSA(01),,21,
DF3-4P-2DSA(01),,9,
SFML-107-01-S-D,,4,
1417-9210,,18,
336309-12-0100,,9,
1N4733AW-TP,,3006,
MLK1005S27NJ,,3,
3SMAJ5919B-TP,,9,
CDBA140-G,,5,
C0603C103K5RACTU,,341,
IHLP2020CZER3R3M01,,17,
TFM-107-01-S-D,,35,
74435580820,,4,
ASP-188588-01,,1,
KE3494,,5,
FH19C-4S-0.5SH,,9,
BQ34Z100PWR-G1,,4,
SI2308BDS-T1-GE3,,39,
OPA2337EA/250,,16,392
STL10N3LLH5,,28,
298D107X06R3P2T,,50,
VLS252015ET-100M,,9,
PL130-07AQC,,101,
ERJ-2RKF7501X,,50,
527451097,,16,
KMR211GLFS,,3,
MT29F4G08ABBDAHC-IT:D,,1,
MC9S08SH32CT J-ND,,2,
MAX17005BETP+T,,1,
380-10-164-00-001000,,4,
D38999/26WB35PN,,1,
D38999/26WA98SN,,1,
AF-0.5(H)-B,,100,
ZXTN19100CFFTA,,10,
5.0SMDJ18A,,10,
5025700893,,10,
N18-31,,2,
734154490,,25,
3403.0171.24,,30,
LQM32PN1R0MG0L,,27,
ERJ-1RHD6042C,,590,
VSSA210-E3/61T,,120,
EEE-FT1H220AR,,100,
02016D223KAT2A,,27,
MCP4661-103E/ST-ND,,25,
761K,,9,
TPME158K002R0015,,37,
SML-A12BC7TT86,,70,
GRM188R61E105KA12D,,10,
T491V106K035AT,,25,
NTK3134NT1G,,9,
BLM18PG181SN1D,,90,
SMAJ40A,,695,
NCP21XV103J03RA,,79,
A-03 325-01,,43,
0458007.DR,,40,
74279252,,3,
C3216JB0J107M160AB,,1550,
DDTC114ECA-7-F,,1550,
DO3314-222MLC,,52,
IHLP6767GZER470M11,,5,
LM3409HVMY/NOPB,,87,
MBR0580-TP,,35,
TH1.6- 3.0-M2,,84,
TH1.6- 4.0-M2,,134,
TH-1.6-5.0-M2,,34,
TH-1.6-2.0-M2B,,100,
V10P10-M3/86A,,37,
112515-75,,1,
AD5311BRTZ-REEL7,,25,
04026D226MAT2A,,75,
CRCW040230K0FKED,,833,
SI52147A01A-GM,,3,
DSC557-0334F11,,5,
LTST-C191KRKT ,,7,
LTST-C191KGKT,,97,
SFH-1212B,,15,
SRN4018-2R2M,,27,
A3967SLBTR-T,,10,
B59707A120A62,,2,
74279228111,,410,
GRM033R60J104KE19D,,60,
EMK325ABJ107MM-T,,8,
ADA4891-1ARJZ-R7,,6,
RF179-72SP1-74BJ2-0130 ,,3,
RF179-72SP1-74BJ3-0140 ,,3,
RF179-72SP1-74BJ3-0160 ,,3,
ECS-240-S-4,,10,
1N4678BK,,1,
SL102G12,,2,
UF3H3-710,,10,
D3SH-A1R1,,4,
MLT022Q39-R1,,4,
HLG-600H-36A,,3,
ERA-2AED242X,,16020,
ERJ-1GEF49R9C,,250,
ERJ-2GEJ750X,,80,
ERJ-2RKF7500X,,9680,
ERJ-3GEYJ101V,,8258,
CRCW08050000Z0EA,,9730,
ERJ-3EKF1002V,,376,
ERJ-3EKF4300V,,4587,
ERJ-3EKF5101V,,4869,
ERJ-3GEY0R00V,,3834,
ERJ-3EKF4992V,,4,
MCR25JZHJ000,,2,
ERJ-3GEYJ391V,,300,
RC0402FR-0712K4L,,250,
ADG819BRMZ,,16,
CRA2512-FZ-R040ELF,,15,
CRCW08050000Z0EAHP,,32,
ERJ-1GEF3300C,,14476,
ERJ-3EKF5100V,,4856,
ERJ-P06J181V,,3496,
P82B715TD,,12,
ERJ-3EKF5491V,,250,
GRM188R60J226MEA0J,,210,
FDMS86201         ,,36,
MSQA6V1W5T2G,,132,
CPF0402B90K9E1,,250,
ERJ-1GEJ241C,,14734,
ERJ-2GEJ102X,,9996,
ERJ-2RKF1000X,,250,
ERA-3AEB513V,,15,
ERJ-1GEF3000C,,346,
ERJ-3EKF1023V,,15,
ERJ-3EKF1023V,,320,
ERJ-1GEJ102C,,150,
RC0201FR-07523KL,,250,
Mushkin 126 GB SSD,,1,
Kingston 240GB,,1,
Intel SSDSC2BB240G401 240GB 2.5-inch 6Gb/s SATA SSD,,1,
B00DYQYLQQ,,4,
INDUSTRIAL COMPACT FLASH CARD,,1,
MZHPV512HDGL,,2,
EXPI9301CTBLK,,1,
Kingston 64GB,,1,
LQH2HPZ1R0NJRL,,150,
TNPW04025K36BEED,,200,
MCS0402MD2492BE100,,200,
530AC114M285DG,,55,
XCKU040-1SFVA784I,,50,
IPT1-110-01-L-D-VS,,10,
IPS1-110-01-L-D-VS,,10,
SQT-110-01-L-D,,5,
SMM-105-01-S-D,,10,
HM7142NL,,31,
MIC5201-5.0YM,,18,
SFM-107-01-L-D,,67,
PCIE-098-02-F-D-TH,,55,
MAX16834AUP+,,41,
SFMC-105-01-L-D-K,,6,
PCIE-098-02-F-D-TH,,55,
SN74AC14PW,,102,
DF3Z-2P-2H(50),,75,
J00-0065NL,,28,
DF13-2P-1.25DS(50),,360,
SFMC-105-02-L-D,,81,
NPPN061FGGN-RC,,20,
TFM-110-01-L-S-RA,,3,
FTSH-105-01-F-D,,2,
SFM-110-01-L-S-A,,7,
ERJ-6ENF6200V,,196,
CL05A104KA5NNNC,,226,
TMK107BJ105KA-T,,3776,
C2012X5R1V156M125AC,,47,
GRM0335C1E470JA01D,,76,
GRM033R71E102KA01D,,422,
AMK325ABJ337MM-T,,98,
GRM188R61A226ME15D,,202,
ERJ-2RKF3012X,,242,
ERJ-2RKF8251X,,242,
ERJ-2RKF6042X,,242,
ERJ-3RQF1R0V,,4936,
RC0603FR-071K1L,,426,
RC0603FR-0710KL,,242,
RC0603FR-0729K4L,,242,
ERJ-2GEJ301X,,8280,
RC0603FR-0768KL,,242,
RC0603FR-07332KL,,242,
RC0402FR-0713K3L,,242,
RC0402FR-0719K1L,,242,
RC0603FR-07100KL,,196,
RC0402FR-0740K2L,,242,
RC0402FR-0745K3L,,242,
RC0402FR-07180KL,,242,
RC0402FR-0726K1L,,176,
DRV8836DSSR,,6,
LTC4358IDE#TRPBF,,3,
LTM4622IY#PBF,,2,
LTM4644IY#PBF,,146,
B340A-13-F,,50,
SM6T27A,,46,
SML-A12P8TT86,,205,
TMM-106-02-L-S,,12,
MMZ1608B471CTAH0,,226,
RC0402JR-070RL,,226,
GRM033R60J104KE19D,,250,
C1005X7R1H104K050BB,,5562,
GRM155R60J475ME47D,,106,
GRM21BR60G107ME15L,,50,
JMK316BBJ107MLHT,,28,
GRM033R60J103KA01D,,10000,
GRM155R60J103KA01D,,9908,
CGB2A1X5R1E105M033BC,,64,
GRM155R60J106ME15D,,24,
GRM033R60J153KE01D,,304,
GRM033R71E151KA01D,,304,
GRM31CR60G227ME11L,,14,
GRM155R71H102KA01D,,442,
1808HC102KAT1A,,1776,
CL03A105KQ3CSNH,,184,
C0402C120J5GACTU,,372,
T491B475K016AT,,39,
ERJ-1GEJ472C,,13280,
ERJ-2RKF10R0X,,8904,
ERJ-2GEJ103X,,2146,
ERJ-1GEF3000C,,14822,
RC0201FR-072K7L,,384,
RC0603FR-071KL,,328,
ERJ-1GEF24R9C,,404,
RC0402FR-0775RL,,380,
ERJ-1GEF1000C,,256,
RC0201FR-07240RL,,404,
ERJ-1GEF6200C,,384,
RC0402FR-0782RL,,116,
ERJ-1GEF4991C,,14048,
ERJ-3GEYJ106V,,4314,
ERJ-2GEJ102X,,9924,
ERJ-1GEF3301C,,282,
RC0402FR-077K5L,,242,
RC1206FR-0710RL,,242,
ERA-2AEB103X,,242,
RC0201FR-0710KL,,156,
ERJ-2RKF1000X,,9000,
RC0201JR-070RL,,160,
EQCO30T5.2,,48,
LT3080EDD#TRPBF,,4,
SN74LVC1T45DCK,,226,
SN74AUP1G17DCKR,,38,
PL133-37TI-R,,6,
TXEAADSANF-25.000000,,26,
FBMH1608HM102-T,,256,
1812PS-223KLC,,6,
BLM15AG601SH1D,,626,
CIM05U601NC,,242,
DF13-3P-1.25DSA(50),,31,
RC0603JR-070RL,,152,
GRM155R6YA105KE11D,,276,
RC0201FR-0775RL,,152,
B59707A0120A062,,12,
ESD9L5.0ST5G,,154,
CL10A106MA8NRNC,,26,
TMK063CG431JT-F,,200,
RC0201FR-07523KL,,200,
GRM033R61E104KE14J,,228,
CL10A105KA5LNNC,,204,
GRM188R61E475KE11D,,76,
RC0201FR-0720KL,,152,
RC0201FR-0722KL,,356,
RC0201FR-07100KL,,180,
RC0201FR-07470RL,,176,
BAT54JFILM,,176,
ESDA25P35-1U1M ,,76,
MM3Z3V9ST1G,,76,
MM3Z5V1ST1G,,202,
MM3Z5V6ST1G,,202,
MFU0603FF04000P100,,76,
"2N7002BKS,115",,52,
MT52L1G32D4PG-107WT:B,,172,
TMK105BJ104KV-F,,6770,
XC7K160T-2FFG676I,,54,
LTM4622IY#PBF,,133,
10M50DAF256I7G,,8,
NEO-7N,,83,
TPD4E001DRLR,,6940,
ERA-2AED242X,,22405,
1000-345F-0357-01A1 ROHS,,10,
LXDC3EP25A-109,,483,
MX66L51235FZ2I-10G,,92,
MX66L51235FZ2I-10G,,92,
LXDC3EP33A-107,,483,
CYUSB3014-BZXI,,22,
LTM4644IY#PBF,,36,
LTM4676AEY#PBF,,19,
ERJ-1GEJ391C,,27111,
NTK3134NT1G,,5703,
RR0306P-101-D,,3972,
1000-281F-0357-01A1,,6,
S25FL256SAGNFI001,,184,
C1608X5R0J475M080AB,,2754,
GRM155R60J106ME15D,,12640,
CGA9P3X7S2A156M250KB,,19,
CRCW12100000Z0EA,,4959,
SQSC248L-185.625MHZ,,80,
ECJ-ZEB0J224M,,12362,
2N7002K-T1-E3,,4648,
1410188-3,,5,
SN74AC14PWR,,1337,
C3225X7S2A475M200AB,,702,
0821-1D1T-43-F,,98,
CRCW08050000Z0EAHP,,4252,
ICS874001AGI-02LF,,46,
ERJ-1GEJ272C,,24975,
SN74LVC1G08DCKR,,838,
ERJ-1GEF4991C,,24540,
LTST-C191KGKT,,6810,
MT25QL01GBBB1EW9,,58,
C3216X5R1A107M160AC,,1199,
ERJ-2GEJ272X,,22836,
C2012X5R1E106K,,1676,
EDFA232A2MA-JD-F-R,,13,
SDL-105-G-10,,175,
0201YC561KAT2A,,7422,
ERJ-1TYJ362U,,3960,
ERJ-1GEJ241C,,21527,
591D227X9016R2T20H,,140,
TPS82084SILT,,236,
C2012X5R1C226K125AC,,1712,
ERJ-1GEJ101C,,20134,
ERJ-3GEYJ106V,,19162,
LMH0303SQE/NOPB,,68,
IP4856CX25/CZ,,382,
IRFS4010TRLPBF,,90,
532610371    ,,196,
GRM155F51C104ZA01D,,17684,
SDL-106-G-10,,108,
ERJ-1GEJ103C,,17542,
ERJ-2GEJ561X,,17331,
51021-0200,,880,
S558-5999-AB-F,,162,
MBRA210LT3G,,726,
JT7-1104NL,,33,
ERJ-2GEJ472X,,15957,
R-78HB3.3-0.5L,,25,
IHLP6767GZER470M11,,149,
HLS-000200-B-10 REV A,,10,
M40-3100445R,,189,
M50-34,,2,
TPS73218DBVT,,210,
ASTX-H12-25.000MHZ-T,,105,
IPT004N03LATMA1,,60,
RC0402FR-0722RL,,9693,
GRM155R61A474KE15D,,9397,
GRM21BR61E106KA73L,,2000,
ERJ-2RKF7871X,,9277,
SFH-1212B,,222,
TCJC226M025R0100,,128,
ERJ-1GEF7500C,,13688,
ERJ-1GEJ471C,,13590,
08051A151KAT2A,,4413,
ECJ-0EC1H330J,,8622,
MAX4948ETG+,,66,
C2012X7R1H334M,,1815,
GRM033R70J222KA01D,,12692,
ADA4891-1ARJZ-R7,,372,
LT1129CST-3.3#PBF,,63,
XC7A200T-2FBG484I,,1,
ECJ-0EB0J105M,,7890,
GRM155R71E103KA01D,,7860,
AD7415ARTZ-0500RL7,,136,
IR3892MTRPBF,,86,
73M1R007F,,890,
HLS-000320-B-10 REV A,,4,
SI4410DYTRPBF,,169,
ERJ-1GEF49R9C,,11333,
ERJ-1GEJ330C,,7500,
C1005X5R1E224K050BC,,7415,
LTW-C194TS5,,889,
ERJ-1GEF1000C,,10961,
ERJ-1GEF3000C,,10901,
JMK105BJ474KV-F,,7120,
ERJ-2GEJ101X,,10535,
ERJ-1GE0R00C,,10230,
ERA-3AEB513V,,4080,
2410SFV20.0FM/065-2,,185,
C3225X5R1E106M250AA,,846,
C0805C471K5RACTU,,6644,
ERJ-2RKF1200X,,9900,
GRM1555C1H470FA01D,,9891,
DB2441700L,,199,
ERJ-2RKF4990X,,9810,
2506036017Y0,,3245,
GRM21BR71H474KA88L,,2430,
ERJ-2RKF3012X,,19256,
C1005C0G1H470J050BA,,9600,
ERJ-2RKF7503X,,9600,
2060-402/998-404,,505,
ERJ-2RKF6043X,,9590,
ERJ-2RKF2003X,,9560,
ERJ-2RKF2803X,,9550,
ERJ-2RKF2323X,,9540,
ERJ-2RKF5623X,,9540,
GRM1555C1H6R8DZ01D,,9540,
UMK105CG330JV-F,,9540,
CLV1A-FKB-CJ1M1F1BB7R4S3,,379,
C1608X5R1H105K080AB,,2705,
ERJ-2RKF1873X,,9460,
GRM155R60J103KA01D,,9434,
12103D475KAT2A,,470,
GRM31CF50J107ZE01L,,494,
UMK105CG120JV-F,,9340,
ERJ-2GEJ242X,,9328,
ERJ-2GEJ563X,,9297,
ERJ-2RKF3011X,,9297,
GRM155R71H221KA01D,,9287,
ERJ-2RKF6981X,,9267,
ERJ-3GEYJ222V,,9230,
GRM219R6YA475MA73D,,3685,
ERJ-2RKF4122X,,9200,
TMK105B7103KV-F,,9200,
ERJ-3EKF3303V,,9191,
C0402C105K9PACTU,,9141,
RT0603DRD074K7L,,4561,
ERJ-2RKF1302X,,9100,
357LB3I040M0000,,30,
ERJ-2GEJ912X,,9060,
BAT54WS-TP,,2254,
ERJ-2RKF1004X,,8993,
ERJ-2RKF8203X,,8928,
ERJ-2GEJ121X,,8915,
CL05A225MQ5NNNC,,8910,
RC0402FR-0775KL,,8828,
LTST-C191KRKT,,2480,
RC0402JR-0747RL,,8680,
ERJ-2GEJ303X,,8674,
IPT012N08N5ATMA1,,29,
ERJ-2GEJ152X,,8650,
ERJ-2RKF6801X,,8608,
C2012X7S2A105K125AB,,860,
LXDC3EP12A-104,,86,
88E1512-A0-NNP2I000,,34,
EMK107BJ225KA-T,,3390,
LMK105BJ105KV-F,,8460,
ERJ-1GEJ472C,,8449,
C3225X7R1E475K200AA,,929,
ERJ-2GEJ512X,,8357,
ERJ-2GEJ223X,,8354,
ERJ-3GEYJ103V,,8291,
SS1H10-E3/61T,,1265,
S1621-46R,,861,
C1005X5R0J104K050BA,,16243,
TAJE337M016RNJ,,140,
AO4409,,192,
TPS82130SILT,,48,
ERJ-8BWFR010V,,362,
C3225Y5V1E106Z/1.60,,468,
SI7123DN-T1-GE3,,171,
ECJ-ZEB0J103K,,5284,
C2012X7R2A222K085AA,,3950,
527461071    ,,83,
ERJ-2GE0R00X,,7838,
ERJ-2RKF1331X,,7826,
CGA6L4C0G2J472J160AA,,180,
R-78HB5.0-0.5L,,12,
63TXW470MEFC8X60,,80,
MMBD4448HSDW-7-F,,655,
885012105018,,442,
C1608X7S2A104K080AB,,3753,
22-01-1084,,403,
597-3901-207F,,96,
CL10A106MA8NRNC,,572,
ERJ-P06J513V,,4909,
1N4733AW-TP,,1100,
LM3409QHVMY/NOPB,,148,
C1608X7R1C105K,,3570,
ADUM5242ARZ-RL7,,33,
C0603X5R0J103K,,7109,
ERJ-2RKF3001X,,7096,
GRM21BR60J107ME15L,,353,
PD-40S,,53,
SFH-1415,,162,
EMK325ABJ107MM-T,,106,
ERJ-P06J100V,,4580,
5.0SMDJ24A,,80,
C0603C102K5RACTU,,6794,
INA198AIDBVT,,46,
53047-0410,,208,
ERJ-1GEJ102C,,13506,
GRM033R60J103KA01D,,13462,
C1608X7S2A104K,,3355,
ESDA6V1SC5,,205,
B170-13-F,,190,
C0603C223M5RAC7867,,475,
TMK212BBJ106KG-T,,730,
1-1410271-1,,8,
594D337X0016R2T,,23,
ERJ-P06J201V,,4292,
SMBJ64A,,240,
ERJ-P08J100V,,4218,
1000-281F-0357-01A2,,1,
LTST-C190GKT,,2505,
JMK107BJ475MA-T,,3130,
AMK325ABJ337MM-T,,105,
ECJ-0EB0J225M,,1037,
"TDA3664/N1,135",,80,
LIS2DHTR,,163,
ERJ-6ENF49R9V,,4039,
CBC3225T1R0MR,,807,
RC0805JR-070RL,,6044,
DF11-16DP-2DSA(01),,58,
AX88179 QF UA3,,42,
GRM033R60J104KE19D,,11967,
MT25QL128ABA1EW7-0SIT,,60,
C2012X7R2A472K085AA,,3980,
C0805C123K5RACTU,,3968,
MICROSMD050F-2,,258,
CL21A476MQCLRNC,,493,
ECJ-2VB1H123K,,3879,
ERJ-P06J152V,,3868,
SFK-1830,,58,
STPS30SM60SG-TR,,80,
ERJ-1GEF51R0C,,5756,
C3216X5R1H106K160AB,,250,
MMSZ5242B-TP,,2844,
C1206C106Z8VACTU,,1878,
ERJ-2RKF1000X,,5570,
C0805C103K3HACTU,,2212,
MMSZ5233B-TP,,2754,
TS5A3166DCKR,,248,
581L200X2ITT,,0,
C0805C474K4RACTU,,2108,
GRM033R61A104KE15D,,5212,
GRM21BR71C475KA73L,,1488,
3051 BK005,,2,
3051 BL005,,2,
3051 GR005,,2,
3051 OR005,,2,
3051 RD005,,2,
0466.125NR,,134,
R-78HB12-0.5L,,13,
BSS84,,930,
3SMAJ5929B-TP,,189,
DG2720DN-T1-E4,,95,
GRM21BR60G107ME15L,,258,
C1210C106M3RACTU,,205,
DF13-5S-1.25C,,455,
LTC4359IMS8#PBF,,16,
ERJ-3GEYJ100V,,4979,
ERJ-3EKF3652V,,4946,
ERJ-3EKF4703V,,4930,
ERJ-3EKF5901V,,4910,
ERJ-6ENF6200V,,4909,
RC0603FR-0790K9L,,4900,
ERJ-6ENF1802V,,4899,
ERJ-3EKF3900V,,4890,
ERJ-3EKF3162V,,4885,
ERJ-6ENF4701V,,4879,
ERJ-6ENF5622V,,4879,
C3216X5R1C476M160AB,,130,
ERJ-3EKF6801V,,4867,
B170B-13-F,,162,
ERJ-3EKF1801V,,4860,
ERJ-6ENF4872V,,4859,
ERJ-3EKF1372V,,4858,
ERJ-3EKF1102V,,4852,
ERJ-3EKF3300V,,4838,
3049 BK005,,2,
ERJ-6GEYJ270V,,4798,
CP2102-GMR,,27,
ERJ-6ENF1000V,,4750,
ERJ-3GEYJ302V,,4740,
C5750X7R2A475K230KA,,52,
ERJ-3GEYJ272V,,4724,
ERJ-3EKF1023V,,4720,
ERJ-6ENF1502V,,4719,
ERJ-3GEYJ432V,,4700,
GRM21BR61C226ME44L,,552,
0458002.DR,,75,
ERJ-3GEYJ101V,,4685,
ERJ-6ENF6800V,,4685,
C2012JB0J476M125AC,,234,
MMSZ5242B,,2329,
CY7C68013A-56LTXC,,7,
3048 BL005,,2,
3048 BR005,,2,
3048 GR005,,2,
3048 SL005,,2,
3048 VI005,,2,
MCP1826T-3302E/DC,,149,
22-04-1081,,80,
ERJ-3EKF3602V,,4587,
ERJ-3EKF5103V,,4573,
ERJ-3EKF3001V,,4557,
ERJ-6ENF5102V,,4550,
PSMN013-100BS,,52,
2041119-1,,101,
ERJ-3GEYJ104V,,4530,
ERJ-3GEYJ753V,,4530,
ERJ-3EKF1582V,,4520,
ERJ-6ENF1001V,,4513,
ERJ-P08J201V,,4512,
F750G228MRC,,28,
ERJ-3EKF1501V,,4476,
ESR03EZPJ100,,4459,
S5B-XH-A(LF)(SN),,494,
CRCW08052M00FKEA,,4430,
MBRX160-TP,,1474,
TMK107BJ105KA-T,,2946,
ERJ-P06J202V,,2934,
53047-0210,,160,
ERJ-3EKF7502V,,4371,
282834-4,,71,
ERJ-8ENF1002V,,4366,
SMM 10,,97,
C0805C104K1RACTU,,870,
CL03A104KA3NNNC,,1242,
C3216X5R0J336M,,155,
MB2461A2W30,,16,
LM4132AMF-1.8/NOPB,,41,
ERJ-3EKF1432V,,4301,
C1608Y5V1E105Z,,2860,
TG111-E001J24RL,,9,
ERJ-3EKF1004V,,4258,
RC0603FR-073KL,,4230,
ERJ-6ENF1402V,,4208,
LTST-C193KSKT-5A,,439,
ERJ-3EKF1302V,,4170,
DDTC114ECA-7-F,,1190,
C3225X5R1C226M,,250,
DMG2307L-7,,284,
ERJ-3EKF5622V,,4104,
ERJ-3EKF4872V,,4099,
KRL1632E-M-R007-G-T5,,372,
ERJ-2GEJ102X,,4086,
ERJ-6GEYJ104V,,4084,
TFM-107-02-L-D,,53,
ERJ-3EKF6200V,,4075,
MUSBRM5C130,,9,
ERJ-6GEYJ473V,,4055,
ERJ-3GEYJ151V,,4011,
ERJ-P6WJ1R0V,,470,
RC0603FR-07820KL,,3984,
SML-D12M8WT86,,1327,
ERJ-6GEYJ184V,,3965,
C0805C101J5GACTU,,3942,
C0402C104K9RACTU,,3930,
ERJ-6ENF6981V,,3930,
C5750X7T2E225K250KA,,66,
RC0603FR-0713K3L,,3884,
OPA2337EA/250,,102,
RC0603FR-078K25L,,3864,
C0805C470J5GACTU,,3859,
ERJ-2GEJ103X,,7716,
CRE2512-FZ-R003E-3,,115,
C0805C102K5RACTU,,3849,
RECE.20279.001E.01,,104,
RC0603FR-0748K7L,,3844,
SN65C1168EPWR,,32,
RC0603FR-0756K2L,,3834,
RC0603FR-0719K1L,,3814,
TPS51100DGQ,,52,
C2012X7R1E105K125AB,,1514,
SN74LV4052ADR,,210,
ERJ-P06J102V,,2506,
GRM21BR61A476ME15L,,289,
ERJ-6ENF1372V,,3745,
TTC-5023,,25,
C0603C470J5GACTU,,3680,
C5750X7R1H106M230KB,,84,
GMK107BJ105KA-T,,3652,
C0603C123K5RACTU,,3638,
5310F5,,63,
ERJ-3EKF3301V,,3619,
CRCW060384K5FKEA,,3615,
ERJ-3EKF10R0V,,4817,
GRM035R60J475ME15D,,652,
ECASD61C226M030K00,,21,
60R250XF,,121,
ABM8-114.285MHZ-D2X-T,,46,
ERJ-3EKF75R0V,,3508,
APTS003A0X-SRZ,,9,
C2012X7R2A102K085AA,,3500,
MT42L256M32D2LG-25WT:A,,4,
ERJ-3EKF5902V,,3493,
RC0603FR-071K5L,,3490,
N25Q064A13EF8A0F TR,,21,
2410SFV15.0FM/065-2,,78,
ECASD91A107M010K00,,19,
825433-6,,70,
3050/1GR005,,2,
BQ40Z50RSMT,,1,
ERJ-3EKF3902V,,3426,
C0603C222K5RACTU,,3418,
C1608X7R2A103K,,3415,
02016D105MAT2A,,1135,
C0805C472KCRAC7800,,420,
RC0603FR-07100RL,,3340,
SIT1602AI-12-33E-40.000000G,,59,
ERJ-2GEJ750X,,3327,
530480210    ,,236,
ERJ-8GEY0R00V,,3300,
LTST-C193TBKT-5A,,346,
F950J337KBAAQ,,70,
ERJ-1TYJ512U,,135,
BZX84C12-7-F,,460,
"74AVC1T45GS,132",,292,
TMK325BJ106MN-T,,128,
C0603X104K5RAC7867,,2124,
XCL206B183CR-G,,40,
ERJ-6GEY0R00V,,3161,
ERJ-3EKF4300V,,3133,
DF40C (2.0)-40DS-0.4V (51),,53,
ERJ-3GEYJ363V,,3114,
RC0603FR-0730K1L,,3108,
DF11-16DS-2C,,296,
C1S 4,,230,
C2012X7R2A473M125AA,,1035,
ERJ-3EKF3091V,,3051,
CL03A104KQ3NNNC,,6076,
ERJ-3EKF1402V,,3014,
ADG819BRMZ,,41,
MCR006YRTF1002,,1988,
SMBJ5339B-TP,,75,
SMBJ5361B-TP,,75,
LNJ024X4ARA,,40,
C1206C105K1RACTU,,204,
527460871    ,,52,
1566230-1,,74,
ERJ-3EKF49R9V,,2902,
"TLP3406S(TP,E",,22,
ASFLMPLV-148.500MHZ-LR-T,,16,
2060-401,,128,
ERJ-3GEYJ102V,,2879,
ERJ-6GEYJ100V,,2868,
IRF4905STRLPBF,,20,
LSHM-120-01-F-RH-A-S-K-TR,,9,
ERJ-3EKF3242V,,2833,
MAX17005BETP+T,,5,
ERJ-3EKF6981V,,2822,
ERJ-P06J181V,,1868,
KTS500B156M55N0T00,,34,
IHLP2020CZER3R3M01,,48,
DSC1123BL2-125.0000,,26,
REG113NA-2.5,,28,
1747981-1,,18,
C1608X7R1E474M080AB,,668,
133-8701-311,,8,
NFE31PT222Z1E9L,,102,
SM712-TP,,98,
53047-0310,,115,
ERJ-3EKF1782V,,2640,
MC9S08AC48CFGE,,13,
875046319001,,32,
C3216X5R1E106M,,268,
FDMS86500L,,41,
C0603C475M9PACTU,,228,
C0805C332K5RACTU,,2504,
SH8M4TB1,,22,
LM5050MK-1/NOPB,,30,
02016D224KAT2A,,122,
EP53A8LQI,,18,
BNC7T-J-P-ST-EM2D,,8,
AD7415ARTZ-0REEL7,,27,
RT8075ZQW,,46,
3049 RD005,,1,
MT29F4G08ABBDAHC-IT:D,,5,
RG1005P-911-B-T5,,250,
DF57H-2S-1.2C,,157,
QTS-050-01-L-D-A,,6,
GRM31CR61H106KA12L,,120,
3048 BK005,,1,
3048 OR005,,1,
3048 RD005,,1,
3048 WH005,,1,
3048 YL005,,1,
C0402C223K8PACTU,,578,
C3225X5R1C226M250AA,,140,
LM7332MME/NOPB,,22,
M20-9981045,,64,
ERJ-6GEYJ430V,,2302,
ERJ-3EKF5900V,,2301,
AO4805,,68,
C1005X7R1H104K050BB,,1505,
ADXL375BCCZ-RL7,,6,
IXTP18P10T,,53,
SMBJ40A,,75,
EEF-UE0G331R,,25,
DF13-5P-1.25DSA,,107,
T520B337M2R5ATE045,,109,
88E1111-B2-BAB-1I000,,6,
C3216X5R1E476M160AC,,92,
ERJ-3EKF5102V,,2201,
LTST-C193KGKT-5A,,231,
LSF0204RUTR,,86,
C0603C106M9PACTU,,274,
C1210C472KBRACTU,,82,
"PMEG3050EP,115",,127,
TXS0102DCUR,,44,
783200001,,9,
C0402C104K8RACTU,,2122,
ERA-3AED101V,,212,
SL28PCIE14ALI,,3,
RC0603FR-0715KL,,4204,
9774020243R,,50,
CL03A105KQ3CSNH,,246,
282857-4,,19,
298D107X06R3P2T,,44,
GRM32EC81C476KE15L,,146,
SSTUB32868ET/G,,7,
INA198AQDBVRQ1,,15,
BTS6163D,,25,
CL05A475MO5NUNC,,222,
C2012JB1E226M125AC,,221,
BB16AH-FC,,13,
FXO-LC726R-125,,12,
C1608X7R1E105K080AB,,1984,
1269AS-H-1R5M=P2,,230,
MAX16834AUP+,,12,
12103C226KAT2A,,25,
ERJ-6GEYJ220V,,1927,
LT3080EDD#TRPBF,,11,
ERJ-3RQF1R0V,,1271,
NTE0512MC,,5,
3413.0332.22,,107,
P82B715TD,,22,
TPME226M050R0100,,5,
AMK107BJ226MA-T,,122,
ERJ-6ENF4992V,,1829,
LTC3569EUDC#TRPBF,,7,
CRA2512-FZ-R010ELF,,76,
C5750X7S2A106M,,79,
C0603C225M8PACTU,,259,
C5750X7R2A475M230KA,,20,
LTC4359HMS8#PBF,,10,
GRT31CR61H106KE01L,,75,
ERJ-3GEYJ105V,,1785,
T520D337M006ATE045,,35,
FDMC8462,,35,
FSV10100V,,160,
SI2392ADS-T1-GE3,,184,
5.0SMDJ130A,,37,
MCF51JM64VLD,,5,
C0805C225K3PAC7800,,230,
LXDC2HL18G-304,,46,
F950J337MBAAQ2,,35,
GRM033R71E151KA01D,,3401,
AMK316BJ476ML-T,,68,
ESR03EZPJ1R0,,850,
ERJ-6BWFR010V,,85,
598-8810-307F,,27,
QPI-5LZ-01,,1,
ERJ-6GEYJ201V,,1674,
C1210C107M4PAC7800,,20,
67997-210HLF,,89,
ESR03EZPJ181,,658,
LSHM-120-01-L-RH-A-S,,5,
DSC1001DI5-100.0000,,22,
ECJ-4YB1A476M,,10,
C1608X5R1A226M080AC,,200,
EVP-BB2A9B000,,68,
5.0SMDJ18A,,35,
GRM21BR60J226ME39L,,289,
FH19C-4S-0.5SH(10),,51,
OKL-T/6-W12N-C,,5,
7A-25.000MAHE-T,,89,
SQT-118-01-L-S,,11,
TFML-135-01-S-D-RA,,4,
GRT31CR61E226ME01L,,140,
SRN4018-2R2M,,128,
C0805C475K3PACTU,,145,
SO7320CDR,,21,
LM26480SQ-AA/NOPB,,17,
C0402C151K5RACTU,,190,
C3216X7S2A335M160AB,,56,
B59623A90A62,,56,
591D108X96R3R2T20H,,9,
BTS50085-1TMA,,6,
CPC1014NTR,,33,
ERJ-3EKF1002V,,2995,
BCS-120-L-D-TE,,8,
1808HC102KAT1A,,79,
MC9S08SH32CTJ,,7,
SJ-2523-SMT-TR,,48,
74279228111,,137,
MMSZ5244B,,716,
ASEMPLV-156.250MHZ-LR-T,,6,
SN74LVC1T45DRLR,,124,
C2012X5R1E226M125AC,,124,
SQM120P04-04L_GE3,,16,
511BBA148M500BAG,,8,
ASFLMPLV-100.000MHZ-LR-T ,,6,
5.0SMDJ40A,,27,
LTC2620IGN#PBF,,3,
QS3390QG8,,45,
GRM188R71E104KA01D,,398,
ASEMB-25.000MHZ-LY-T,,14,
3413.0328.22,,107,
597D337X9020H2T,,5,
C0805C105K5RACTU,,145,
3SMAJ5919B-TP,,183,
FH33-6S-0.5SH(10),,37,
MT40A512M16LY-062E IT:E,,2,
C1Q 1,,76,
C1005X5R0G106M050BB,,171,
ERJ-8CWFR020V,,152,
HLS-000030-B-10 REV A,,1,
AO7401,,105,
597D337X0020H2T,,5,
C5750X7R2A335K230KA,,22,
ERJ-3EKF4992V,,2674,
STL10N3LLH5,,45,
VLS252015ET-100M,,147,
C1F 8,,165,
N25Q00AA13G1240E,,4,
RP2012T-1R0-F,,154,
TAJE687K006RNJ,,11,
CL31A107MQHNNNE,,129,
ASP-134606-01,,2,
APFA2507LQBDSEEZGKC,,57,
AS12CV/A,,4,
AP22802AW5-7,,230,
75586-0011,,4,
PD-40VS,,37,
LTC4412ES6#TRMPBF,,14,
1210L300SLWR,,16,
ERA-2ARB103X,,89,
NR3015T2R2M,,166,
HLQ025R6BTTR,,92,
CL05A106MP5NUNC,,248,
EEE-HA1E331UP,,80,
REG101NA-3.3,,13,
C0603C104K5RACTU,,823,
"TPW4R008NH,L1Q",,16,
0458010.DR,,14,
C1206C472KDRACTU,,122,
VLS252010T-1R0N,,67,
"BZX84J-C4V7,115",,268,
3413.0121.22,,80,
LMK212BBJ476MG-T,,60,
RC0201FR-074K7L,,1197,
GRM033R60J153KE01D,,2381,
SML-LX0201UPGC-TR,,264,
DS25BR100TSD/NOPB,,7,
LM48580TL/NOPB,,21,
DB2J50100L,,263,
C1608X5R1E106M080AC,,91,
IPBT-104-H1-T-D-RA-K,,18,
GRM035R60G475ME15D,,180,
C2220C475M1R2C7186,,4,
874380243    ,,31,
ASEMPC-25.000MHZ-LR-T,,18,
SI5324D-C-GM,,1,
ASMT-UWB1-NX3D2,,80,
ERJ-1TRQF3R0U,,89,
0402YD333KAT2A,,578,
TCJB227M006R0070,,55,
C0805C106M8RACTU,,56,
RR0816P-103-B-T5,,85,
DF57H-2P-1.2V(21),,24,
C1608X5R1A106K080AC,,87,
ERJ-8CWFR015V,,188,
PI6C5922504ZHIEX,,6,
QSS-050-01-L-D-A-TR,,3,
XCL210C181GR-G,,17,
LP2985IM5-3.3/NOPB,,25,
"74LVC2T45GT,115",,89,
DSC557-0334FI1,,8,
7443340220,,12,
V10P10-M3/86A,,49,
C3216X7S2A335K160AB,,25,
GRM155R60J224KE01D,,1085,
W25Q128FWPIG,,11,
TPS51200DRCR,,46,
"PMEG3005EJ,115",,216,
0466.500NR,,22,
ECJ-0EB1E102K,,215,
C2012X7R1E225K125AB,,143,
7443340220,,12,
SI52147-A01AGM,,6,
LSHM-120-04.0-L-DV-A-S-TR,,5,
02016D104KAT2A,,2120,
ERJ-3EKF1601V,,706,
XCL206B333CR-G,,16,
742792040,,110,
C2012X7R2A104K125AA,,416,
SMD110PL-TP,,130,
KMS221GPLFS,,67,
TAJE687M006RNJ,,5,
ASP-134602-01,,1,
T491C106K035AT,,46,
3413.0327.22,,90,
MINISMDC150F/24-2,,53,
MDT320M03001,,20,
KTS250B336M55N0T00,,10,
SN65LVDM176DGKR,,6,
3413.0223.22,,60,
PL133-37TI-R,,14,
DF3-6P-2DSA(01),,45,
MBR0580-TP,,100,
46103C,,24,
ERJ-MS4HF6M0U,,63,
CDBA5150-HF,,96,
ERJ-3EKF2000V,,1007,
###,,15,
"74AUP1T34GM,115",,77,
MIC6315-31D4UY TR,,71,
LMZ21701SILT,,6,
U.FL-R-SMT-1(10),,20,
LMZ14203HTZX/NOPB,,2,
LTC2802CDE#PBF,,10,
ECJ-0EB1A105M,,218,
MAX7424EUA+,,4,
TPSC107K016R0200,,11,
ZXMHC3A01N8TC,,38,
ERJ-1GEF3001C,,963,
C1005X5R0J106M050BC,,120,
GRM21BR60J476ME15L,,80,
IPP320N20N3 G,,11,
ERJ-2RKF39R2X,,1908,
EEE-FK1J220XP,,73,
EN6340QI,,4,
CL05A226MQ5QUNC,,86,
SF-0603FP020F-2,,42,
CDBA140-G,,111,
DB2W40300L,,57,
CL32A107MPVNNNE,,15,
GRM21BC80E107ME15L,,24,
C3216X7S2A225M160AB,,85,
SN74LVC2G04DCKT,,20,
CSR1206FTR500,,230,
C0603C475K8PACTU,,167,
ERJ-P08J301V,,363,
TMM-106-02-L-S,,37,
3413.0331.22,,37,
0685H9200-01,,95,
ABM3-25.000MHZ-B2-T,,45,
ERJ-3GEY0R00V,,899,
DF13A-4P-1.25H(51),,29,
MYMGK1R806FRSR,,2,
DW-20-11-G-D-580,,6,
TNPW040244K2BEED,,137,
LMK325ABJ107MMHT,,20,
MICROSMD010F-2,,48,
A700D226M016ATE018,,10,
DF13-8P-1.25DSA(50),,21,
C5750X7S2A106M230KB,,22,
SIS488DN-T1-GE3 ,,40,
LW Q38G-Q1OO-3K6L-1,,146,
SN74AVC4T245RSVR,,33,
SMAJ24A-13-F,,159,
C1Q 3,,97,
PL130-07AQC,,6,
KMR211GLFS,,64,
SMM 20,,23,
MPZ1005S221ET000,,215,
SMP4-SRGB,,7,
5.0SMDJ60A,,16,
ERJ-2RKF10R0X,,855,
0685H9100-01,,90,
SMM 15,,18,
B340A-13-F,,46,
TACR106K010XTA,,14,
SMBJ12CA,,130,
C1005X5R1V474K050BC,,422,
0685T1000-01,,93,
MCR25JZHJ000,,139,
ERJ-2RKF1332X,,830,
TH-1.6-5.0-M2,,124,
LM3409HVMY/NOPB,,19,
GRM153R61A105ME95D,,330,
MAX13488EESA+,,8,
FL5000058Z,,35,
9774015951R,,16,
TXEAADSANF-25.000000,,6,
5110,,58,
5.0SMDJ48A,,14,
1981386-1,,6,
RKEF375,,27,
XBS104V14R-G,,95,
1-2308107-0,,17,
BSZ086P03NS3E G,,35,
SML-A12V8TT86,,73,
GRM188R71C104KA01D,,321,
BTS6143D,,9,
ERJ-3EKF2001V,,800,
C0603C103K5RACTU,,799,
CDCU2A877ZQLT,,3,
CL32A476KOJNNNE,,19,
0ZCH0020FF2E,,197,
CC12H3A-TR,,25,
C0603C225M8RACTU,,175,
QH8MA4TCR,,35,
LSHM-120-02.5-F-DV-A-S-TR ,,4,
IHLP2020CZER220M11,,12,
ADA4891-2ARMZ,,13,
GRM188R60J226MEA0D,,220,
TPS73218DBVR,,22,
SGR-8002JC-50.000MPCB,,6,
193-8MS,,17,
SML-A12P8TT86,,69,
TPSC227K006R0125,,27,
0685T6000-01,,94,
3360C-1-502LF,,5,
C2012X5R1C475M060AC,,50,
CSNL1206FT1L00,,65,
SFML-135-T2-S-D-A,,2,
ERA-2AEB2612X,,248,
C0805C105J3RACTU,,45,
LTST-C194KRKT,,212,
RAPC722X,,19,
DO3314-222MLC,,8,
951106-8622-AR,,41,
RT0402BRD07499RL,,246,
CRA2512-FZ-R030ELF,,64,
SI2308BDS-T1-GE3,,105,
QSE-020-01-F-D-A,,4,
SMLP34RGB2W3,,19,
C0805C226M8PAC7800,,104,
GRT188R61E106ME13D,,104,
NC7WZ17P6X,,50,
DF13-2P-1.25DS(50),,85,
MIC4426YM TR,,18,
MIC23156-0YML T5,,10,
UMK316AB7475KL-T,,240,
DMG1012T-7,,205,
LMZM33603,,2,
PA4343.223ANLT,,15,
TFPT0603L2200FV,,24,
0201ZC103KAT2A,,1410,
FBMH3216HM221NT,,176,
TPS82140SILR,,8,
QTH-030-01-L-D-A,,2,
HRG3216P-51R0-D-T1,,34,
TXB0104PWR,,18,
GRM188R61E105KA12D,,138,
3413.0222.22,,30,
SI7116DN-T1-E3,,13,
5.0SMDJ51A,,11,
BLM18PG181SN1D,,687,
0501020.WR,,14,
MR25H256CDC,,3,
"PCA9546APW,118",,11,
XCL214B333DR,,4,
DSC1103CI5-300.0000,,3,
GCM188R70J225KE22D,,227,
XCL206B253AR-G,,6,
ASFLMPC-25.000MHZ-LR-T,,11,
GRM188R61E475KE11D,,135,
865080645012,,45,
865060345007,,45,
865080545012,,45,
EEE-FT1H220AR,,74,
MLESWT-A1-0000-0003E3,,34,
TM23R-5A-88(50),,5,
TG111-E12NYNLF,,2,
ADUM1250ARZ-RL7,,2,
C1608X5R1E475K080AC,,108,
A60-113-235N414,,1,
RT0402BRD0740K2L,,215,
C3216JB1E476M160AC,,28,
CL10A226MP8NUNE,,92,
LVK20R010DER,,13,
QSH-030-01-L-D-A,,2,
GP11MCBE,,4,
TFML-107-01-S-D,,7,
112705,,2,
C2012X7R2A102K,,423,
C0603X5R1E473K030BB,,422,
DSC9A01S0L,,55,
TMM-118-02-L-S,,11,
"74AUP1T45GM,115",,84,
C2012X5R1V156M125AC,,46,
KAS2106E,,8,
MC74VHC1G04DFT1G,,177,
RMCF2512JT100R,,247,
PCIE-064-02-F-D-RA,,2,
DF3E-4P-2H(50),,8,
L0402C6N2SRMST,,246,
82473C,,25,
597-3601-207F,,12,
M2T12S4A5G30,,3,
C3216X5R1V226M160AC,,17,
SMAJ17A-13-F,,111,
C1608X5R0J106M080AB,,87,
LMV321LICT,,87,
LMH1981MTX/NOPB,,2,
RC0402JR-0775RL,,239,
###,,6,
142-0701-491,,2,
GCM155C71A105KE38D,,238,
QTE-014-04-F-D-DP-A,,2,
OVSARGB4R8,,15,
C0603C684K4PACTU,,395,
0458005.DR,,16,
SMAJ40A,,74,
1812PS-103KLC,,7,
MAXM17504ALJ+T,,1,
C0805C106M8PACTU,,30,
10075024-G01-06ULF,,11,
GRM188R60J106ME47J,,388,
MPZ2012S300AT000,,145,
WSL2512R0130FEA18,,13,
BM22L-4P-V(53),,17,
TL5209DR,,21,
LTC4053EMSE-4.2,,3,
SN74AUP1G17DCKR,,96,
FBMH4532HM681-T,,46,
ADG1612BRUZ,,3,
1123684-7,,5,
MAX17005BETP+,,1,
TFML-115-01-L-D-RA,,3,
SK310A-LTP,,39,
RT0402BRE0710KL,,226,
ERJ-2GEJ100X,,564,
BQ294704DSGR,,25,
88E1510-A0-NNB2C000,,1,
ERJ-P6WF56R0V,,102,
04026D226MAT2A,,51,
MR25H256ACDF,,3,
SRP2512-2R2M ,,40,
LMZ21701SILR,,5,
MB2411S2G40,,2,
MB2411S2G40-FC,,2,
1825640000,,15,
CL21X476MRYNNNE,,74,
N25Q064A13EF640F,,6,
C3216JB1E336M160AC,,19,
LQP15MN6N8B02D,,157,
GRM153R60J225ME95D,,183,
C1608X7R1H104K080AA,,1096,
TPME337M016R0050,,4,
QTH-030-03-L-D-A,,1,
LM4132AMF-2.5/NOPB,,5,
ERJ-6CWFR020V,,90,
C1206C475K5PACTU,,30,
YAG1391CT-ND,,180,
C0603C225K8PACTU,,134,
LSHM-120-01-F-DH-A-S,,2,
NSS40201LT1G,,76,
JMK316BC6107ML-T,,23,
LTST-C194KGKT,,151,
N25Q256A13EF840E,,6,
FW-05-02-F-D-300-085,,10,
C2012X5R1V106M085AC,,50,
ERJ-3BWFR050V,,95,
ERJ-3BWFR100V,,95,
ERJ-P6WF10R0V,,74,
AQY212GHA,,2,
CRCW040211K0FKED,,1032,
CC0201KRX5R6BB104,,1032,
1674231-1,,5,
0402ZD105KAT2A,,206,
ZMR500FTA,,27,
963218-2000-AR-PR,,3,
C2012X7S2A224M085AE,,30,
GRM32ER61C476ME15L,,20,
NLCV32T-1R0M-EFRD,,72,
SQT-105-01-L-S,,12,
AT93C66B-MAHM-T,,42,
1812PS-223KLC,,6,
MM3Z5V6B,,200,
CPF0603F200RC1,,250,
XZMDKCBDDG45S-9,,20,
PIC16F18313-I/RF,,14,
LXDC55KAAA-205,,3,
RC0603JR-070RL,,992,
ADM2582EBRWZ-REEL7,,1,
ADT6402SRJZ-RL7,,9,
ERJ-L06KF50MV,,90,
GRM219R61C226ME15L,,76,
GDZ3V3LP3-7,,76,
ERJ-6DQF3R0V,,196,
04025A151JAT2A,,245,
"TPWR8004PL,L1Q",,5,
F931C475KAA,,89,
AMK325ABJ227MM-T,,5,
GRM1885C1H220JA01D,,324,
GRM152R60J105ME15D,,162,
GRM219R60J226ME47D,,97,
BM22-6S-V(53),,10,
MAXM17903AMB+,,3,
"SSM3K335R,LF",,74,
GRM1885C1H911JA01D,,240,
C0603C183K5RACTU,,240,
BRL3225T4R7M,,80,
C0805C102MDRACTU,,80,
EN5339QI,,2,
SFMC-105-02-L-D,,5,
755860103    ,,2,
ERJ-P06J101V,,470,
TD-106-T-A,,10,
ADUM5402ARWZ-RL,,1,
"P82B715TD,118",,5,
514CBB000112AAG,,1,
MC33164D-3R2G,,30,
ERJ-12ZYJ332U,,155,
RC0402FR-0719K1L,,232,
SRP1265A-1R5M,,8,
ASDMPLV-100.000MHZ-LR-T3,,4,
KAS2108ET,,5,
102R18W102KV4E,,185,
ERJ-2RKF8251X,,230,
ERA-2AED123X,,306,
C0603C109C5GACTU,,153,
SMM 25,,17,
ERJ-3GEYJ472V,,913,
ERJ-3EKF5101V,,456,
GRT155R61E105KE01D,,228,
BSC320N20NS3G,,4,
142-0701-501,,1,
5025700893,,4,
LTC2620CGN#PBF,,1,
PJ-047A,,12,
0402ZD475MAT2A,,112,
CLVBA-FKA-CAEDH8BBB7A363,,27,
TAJE157K020RNJ,,5,
CGA2B3X7R1E104K050BB,,178,
ERJ-PB3D1472V,,296,
ERJ-3EKF2941V,,884,
MBRF40250TG,,9,
74AXP1T125GSH,,21,
CL10A226MO7JZNC,,42,
EXB-2HV100JV,,220,
GRM32ER71J106KA12L,,20,
TPS22922YZPR,,8,
524373071,,4,
RC0402FR-0739K2L,,872,
FTS-105-03-L-D,,10,
RJHSE-538A,,3,
DF13A-3P-1.25H(50),,15,
C0603C475M8PACTU,,124,
C0603C472K3RACTU,,433,
C0402C475M7PACTU,,54,
C0402C473K4RACTU,,96,
CL31B106KBHNNNE,,96,
1727010,,7,
744901056,,21,
ESD9L5.0ST5G,,143,
ERJ-3EKF1472V,,428,
LMZ14201HTZX/NOPB,,1,
MLK1005S27NJ,,122,
N2516-6002-RB,,12,
"BZX84-A2V4,215",,53,
TPSE227M016R0150,,8,
CLP-105-02-G-D,,7,
282834-2,,14,
PMR18EZPFU7L00,,35,
U.FL-R-SMT(01),,6,
RC1005J100CS,,837,
MMSZ5232BT1G,,167,
C1005X5R1E104K050BC,,278,
C1210C225K3RACTU,,23,
C2Q 2,,46,
EEU-FC1J102,,5,
C1608X6S1A475K080AC,,137,
C1210C226K4PACTU,,41,
MT25QU256ABA1EW9-0SIT,,5,
LMZ10501SILT,,4,
PIC16F18326T-I/JQ,,5,
TXS0102DQER,,28,
"BZX84J-C16,115",,90,
C1608X5R1C225M080AB,,161,
PI4ULS3V504ZMEX,,7,
MAX9814ETD+T,,10,
ERJ-3EKF8203V,,80,
C2012X8R1H104K125AA,,200,
"BC817-40,215",,200,
CGA9N3X7R1E476M230KB,,5,
NSR0520V2T1G,,80,
C1608X5R1C475K080AC,,42,
FXO-HC736R-200,,4,
C0603X5R0J474M030BC,,265,
BSE-020-01-L-D-A-TR,,2,
SN74LVC1G08DCKT,,10,
STF40NF20,,5,
GRM188R61E225KA12D,,395,
TD-105-T-A,,10,
CRCW0201100RFKED,,158,
ERJ-3EKF1000V,,393,
1054500101,,5,
ADUM7643CRQZ,,1,
C0603C474K4RACTU,,195,
LTST-S270KGKT,,155,
541043031,,5,
DF40C-100DS-0.4V(51),,8,
SMBJ51A,,48,
BBL-102-G-E,,15,
XCL206B333AR-G,,6,
MIC5504-3.3YM5-TR,,95,
0466001.NR,,7,
B59623A0090A062,,16,
CL03A105MO3NRNH,,107,
BTS500601TEAAUMA2,,4,
NCV8460ADR2G,,9,
PMEG045V100EPDAZ,,14,
LMK063BJ224MP-F,,247,
CPF0603F150KC1,,185,
GRM188R60J476ME15D,,41,
C0805C475K4RACTU,,32,
SM6T27A,,46,
ERJ-6DQJ2R0V,,183,
T491D227K016AT,,6,
CL10A106MO8NQNC,,5,
CC0603KRX5R9BB105,,104,
MAX6337US16D3+T,,4,
CBR04C160J5GAC,,242,
"SC18IS602BIPW,128",,5,
ECS-1612MV-250-CN-TR,,5,
RL0805FR-070R1L,,40,
5PB1102CMGI8,,6,
CL05A105MP5NNNC,,120,
RC0201FR-0710KP,,240,
GJM0335C0J330GB01D,,240,
ZXTN19100CFFTA,,21,
12107C472KAT2A,,23,
RPG1111C-11-TR,,79,
"2N7002BKM,315",,71,
SN74LV4T125PWR,,10,
897-43-004-90-000000,,6,
GRM155R60J225KE95D,,101,
GRM155R60J475ME47D,,235,
QSE-014-01-F-D-DP-A,,2,
SFM-107-01-L-D,,4,
APT1608LSYCK/J3-PRV,,39,
22053031,,20,
"BZX84-C5V6,215",,232,
CL10B104KC8NNNC,,230,
24LC64T-I/SN,,16,
GRM188R71E474KA12D,,172,
CGA3E3X5R1H105K080AB,,86,
TAJA475K016RNJ,,76,
NANOSMDC035F-2,,31,
MCP1700T-1802E/TT,,22,
C0402C104K4RACTU,,678,
FBMH1608HM102-T,,226,
BK2125HM601-T,,226,
NDT456P,,6,
FQP12P20,,5,
74435581200,,1,
E8124-010-01,,5,
MC9S08QG84CDTE,,4,
DB2J31400L,,224,
T491B475K016AT,,29,
BM22L-6P-V(53),,9,
BDL-110-G-E,,1,
APHBM2012LVBDZGKC,,18,
"74LVCH1T45GM,132",,19,
TL2575-ADJIKTTR,,5,
LTST-C170GKT,,110,
74279226101,,11,
597D227X9020R2T,,1,
F750G108KDC,,2,
C1210C226M4PACTU,,24,
BNC7T-J-P-GN-RA-BH1,,1,
BTS6133D,,5,
TPS81256SIPR,,5,
MPZ2012S102ATD25,,160,
XCL206B183AR-G,,5,
S-1031A,,3,
ASEMPLV-148.500MHZ-LR-T,,2,
C1005X5R1E105M050BC,,158,
MBR40250TG,,6,
BRC2012T3R3MD,,35,
CGA1A2C0G1E680J030BA,,210,
G630H9812248EU,,2,
ERJ-PA2F1001X,,157,
CL21A226MAQNNNE,,5,
UCZ1K220MCL1GS,,13,
ERJ-3EKF1623V,,619,
GRM033R60J105ME11D,,206,
FDMA6676PZ,,15,
142146-75,,1,
TSW-103-07-L-S,,18,
JMK063BJ224MP-F,,101,
CL10A106MQ8NNNC,,202,
SQW-106-01-F-D,,5,
DAC60508ZRTET,,1,
CL32A227MQVNNNE,,9,
GCM188R71E105KA64D,,150,
TPS92518HVPWPR,,4,
C0402C106M9PAC7867,,46,
ERJ-3EKF1331V,,298,
SRN2012-1R5M,,35,
ERJ-L03KF50MV,,54,
XC9536-5CSG48C,,3,
SMBJ5V0A,,33,
MR25H256CDCR,,1,
APGF0606VGTPBTSEETC,,5,
C1608X5R1C106M080AB,,21,
CRCW120610R0FKEAHP,,84,
AD8532ARMZ-R2,,5,
RC0201JR-074K7P,,292,
C0603C225K4PACTU,,146,
91292A004,,53,
IHLP6767GZER100M51,,1,
BSC190N15NS3GATMA1,,3,
C1Q 4,,16,
TXS0104ERGYR,,6,
12401832E402A,,4,
C0805C470F5GACTU,,11,
SMAJ36A,,44,
GRM219R6YA475KA73D,,44,
CL10A226MQ8NRNC,,52,
CL03A105MP3NSNC,,30,
MM3Z5V6C,,114,
ERJ-3EKF3302V,,190,
ERJ-3EKF2053V,,190,
ERJ-3EKF4702V,,190,
TFM-107-01-S-D,,3,
TLC3702ID,,10,
C0402C475M9PAC7867,,71,
ERJ-1GEF3301C,,284,
ECS-240-S-4,,12,
CSRN2512FK50L0,,12,
PJ-063AH,,6,
ERJ-3EKF3483V,,188,
PI3EQX16904GLZHEX,,1,
SRN2010-2R2M,,35,
5227161-7,,3,
530470210,,9,
TXS0108EPWR,,6,
C1608X7R1H103K080AA,,278,
GRM152R61A104KE19D,,184,
ERJ-P6WF1001V,,50,
PCA9306DCUR,,21,
PEC06DAAN,,14,
TX24-30R-LT-H1E,,5,
CSNL2512FT5L00,,10,
35221R0JT,,15,
530470510,,18,
ERA-2AED104X,,179,
DF13-4P-1.25H(50),,7,
SN74S04DR,,10,
CSNL2512FT4L00,,10,
ERJ-1RHD1003C,,263,
CRA2512-FZ-R040ELF,,25,
MPZ2012S101AT000,,129,
ERJ-3EKF1001V,,256,
LTC4359CDCB#TRMPBF,,2,
ERJ-P06F2000V,,509,
C0603C470K5GACTU,,169,
TMM-105-02-L-S,,11,
GRM033C81E104KE14D,,505,
FDN358P,,42,
"PMEG4010CEJ,115",,42,
CL21A475KAQNNNE,,126,
ERJ-3EKF4701V,,251,
UMK107BJ105KA-T,,100,
DF3EA-6P-2H(21),,10,
IHLP2020CZER3R3 M01,,3,
"74LVC1G14GW,125",,83,
ERJ-6GEYJ102V,,124,
ERJ-1GEF5101C,,496,
C0603C224K3RACTU,,248,
ERJ-2RKF1802X,,248,
ERJ-2RKF1542X,,248,
IPP126N10N3GXKSA1,,5,
ERJ-P06J105V,,247,
RC0603J103CS,,493,
ERJ-3EKF3161V,,244,
ERJ-3EKF3012V,,244,
MAXM15465AMB+,,1,
C0402C474K9PACTU,,242,
C0402C223K3RACTU,,242,
GRM1555C1H120GA01D,,242,
GRM1885C1H101JA01D,,161,
M2013LL1G03,,1,
RC0402FR-0747RL,,241,
ABM3-27.000MHZ-D2Y-T,,6,
MIC5201-5.0YM,,4,
GRM155R61H104KE19D,,239,
TLV3501AIDBVT,,2,
ERA-2AEB8062X,,79,
"PSMN013-100BS,118",,3,
NC5MBH,,1,
ERJ-14YJ121U,,157,
C0603C473K5RACTU,,235,
CC0402KRX5R6BB105,,67,
2060-452/998-404,,9,
SFML-107-01-S-D,,2,
CRA2512-FZ-R025ELF,,15,
ERJ-3EKF1003V,,463,
TS5A23159DGSR,,5,
ERA-2AED750X,,92,
RC0402FR-0742K2L,,230,
CRCW1206200RJNEAHP,,92,
DRV8836DSSR,,5,
CL10B105MO8NNWC,,229,
RC0402FR-0775RL,,228,
CRCW060352K3FKEA,,455,
CRCW060352K3FKEA,,455,
TMM-104-01-L-D,,1,
BLM15AG601SH1D,,151,
C0805C104K5RACTU,,226,
C0603X7R1C472K030BA,,226,
ERJ-2RKF4222X,,225,
GRM188R61A226ME15D,,64,
NC5FBH,,1,
1935161,,13,
SSA210,,49,
C1206C102KGRACTU,,73,
DF3-3P-2DSA(01),,15,
C1608C0G1H471F080AA,,24,
MCP4661-103E/ST,,4,
TXS0108EQPWRQ1,,3,
M74VHC1GT50DFT1G,,85,
ERJ-1GEF6981C,,424,
ERJ-1RHD6042C,,424,
ERJ-1GEF6341C,,424,
SMT-0540-T-2-R,,2,
B2PS-VH(LF)(SN),,20,
M20-9990246,,42,
SMAJ17A,,38,
MCX7-J-P-H-ST-TH1,,1,
RNCF0402DTE102K,,208,
C0603C105K4RACTU,,46,
C0805C104K3RACTU,,138,
3403.0171.11,,6,
DDZ5V6BSF-7,,46,
MAX6711TEXS+T,,2,
CRCW0402348KFKED,,205,
EQCO30T5.2,,1,
BSZ340N08NS3G,,17,
GRM033R61C104KE84D,,136,
JMK212BC6476MG-T,,12,
SISA72DN-T1-GE3,,11,
GRM155R61A475MEAAD,,58,
ERJ-2RKF2400X,,406,
LMV321Q1M5X/NOPB,,5,
GBE32DHRN-T941,,1,
ERJ-1GNF1022C,,404,
PTD902-2015K-B503,,2,
"BCW31,215",,100,
IHLP2525CZER3R3M11,,5,
GRM21BR6YA106ME43L,,40,
PTS645VH39-2 LFS,,21,
MC9S08SH32CTL,,1,
ERJ-3EKF1201V,,131,
APG1608SURKC/T,,39,
CL05A104KA5NNNC,,388,
CL05A104KA5NNNC,,388,
12061Z475MAT2A,,6,
C0603C105K3RACTU,,64,
LTC4053EMSE-4.2#PBF,,1,
SMAJ58CA,,32,
GRM31CR61H106MA12L,,32,
SS22,,24,
CIM10J601NC,,192,
CGA3E3X5R1H154M080AB,,48,
V15PN50-M3/86A,,6,
LTST-S270GKT,,96,
LQG15HS27NJ02,,127,
ERJ-6RQF1R2V,,76,
742792022,,20,
MC78M05CDTRKG,,20,
FDMS8622,,9,
0685T0750-01,,21,
ESR03EZPJ200,,188,
1N914BWS,,94,
ERJ-6GEYJ103V,,187,
742C083102JP,,185,
ERJ-3EKF8062V,,185,
C3225X5R0J107M250AC,,8,
CL21A226KPCLRNC,,28,
BZX84C5V6-TP,,36,
CL10A475KO8NNNC,,90,
53048-0210,,24,
BM22-4S-V(53),,5,
MMZ1608B471CTAH0,,120,
DF3EA-4P-2H(51),,5,
M22-2510246,,40,
PCIE-098-02-F-D-TH,,2,
C0402C104K8PACTU,,178,
DSC1123AI2-120.0000,,2,
TMBAT49FILM,,16,
T491X107K025AT,,2,
RC0201FR-0719K1L,,176,
CL10B106MQ8NRNC,,7,
CL05A104KO5NNNC,,346,
PHP01206E2000BST5,,1,
532610271    ,,8,
3550-2,,4,
DF3-4P-2DSA(01),,9,
RC0402JR-0710KL,,342,
C0603C911J5GACTU,,38,
EEE-FK1J4R7R,,20,
MTM-104-13-T-S-614,,10,
293D337X9010D2TE3,,4,
AB-557-03-HCHC-S-L-C-T,,1,
C0603C223K5RACTU,,339,
C1005X5R1C225K050BC,,42,
ERJ-2GEJ301X,,168,
MIC6315-31D4UY,,14,
10061913-102CLF,,1,
0603SFS500F/32-2,,9,
RT0402FRE071KL,,332,
5103308-3,,3,
SN74LVC1G32DCKR,,30,
ERJ-P08F10R0V,,47,
SL-102-G-12,,7,
CGJ2B3X7R1E104K050BB,,82,
DF3E-2P-2H(20),,8,
LM4132BMF-2.5/NOPB,,2,
SSW-112-01-G-D,,1,
IPBT-102-H1-T-S-K,,5,
MAX14842ATE+,,1,
GRM188R71E103KA01J,,161,
C1608X7R1H153K,,161,
GRM188R71H102KA01D,,322,
DMN53D0L-7,,40,
XPEBBL-L1-0000-00201,,2,
CC0201KRX5R7BB104,,106,
AB-557-03-HCHC-S-L-T,,1,
TAJE157K020RNJV,,2,
NLSV4T244MUTAG,,3,
24LC64-I/SN,,8,
AO7400,,26,
GRM033R60J155ME14D,,52,
1775862-2,,6,
TS5A63157DBVR,,17,
CC0402KRX7R8BB104,,306,
CRM1206-FX-10R0ELF,,76,
GRM033C81A105ME05D,,38,
ERJ-PA3F10R0V,,60,
ERJ-3EKF3903V,,150,
RC0201FR-070RL,,298,
298D227X0004P2T,,4,
RC0201JR-072K4L,,296,
GRM188R61A106KE69D,,59,
SRR1208-681KL,,5,
MCP1804T-3302I/DB,,5,
C0603X5R0J105M030BC,,98,
MMSZ5232B-TP,,98,
DF40HC(4.0)-60DS-0.4V(51),,3,
RCS060349R9FKEA,,73,
ERJ-2RKF36R0X,,146,
STPS120M,,17,
RC0201FR-07133KL,,289,
C1608X7R2A332K080AA,,96,
TMM-108-01-L-D,,2,
C0603C150J5GACTU,,285,
15-24-6060,,3,
SO7320FCDR,,2,
SDR03EZPF49R9,,142,
35223R3JT,,14,
ASEMPLV-100.000MHZ-LR-T,,1,
RC0201FR-07200KL,,279,
ERJ-2RKF2493X,,279,
RC0402FR-0744K2L,,274,
RL1220S-3R0-F,,54,
IPBT-102-H1-T-S-RA,,3,
C0603C471K5RACTU,,134,
RC0201FR-0775KL,,268,
CRCW0603100KFKEAHP,,89,
C0603C200J5GACTU,,38,
GRM21BC81A226ME44L,,19,
22-04-1041,,4,
CL03A103KQ3NNNC,,262,
C0805C106K3PAC7800,,20,
EEE-FK1C470UR,,20,
TPS25810RVCT,,2,
142.6185.5202,,1,
RC0201JR-070RL,,254,
C0603C223K3RACTU,,126,
RC0402FR-07240KL,,250,
RC0402FR-07750KL,,250,
RC0402FR-0715K4L,,248,
RC0402FR-071K27L,,248,
"AC0402FR-0718KL 
",,248,
SI8065AA-B-IU,,1,
1-1634612-0,,2,
C0402C472K3RACTU,,246,
ERJ-2RKF1050X,,246,
ERJ-2RKF3402X,,246,
ERJ-2RKF37R4X,,246,
ERJ-2RKF6491X,,246,
RC0402FR-077K68L,,246,
GRM0335C1E470JA01D,,246,
GRM155R71H102KA01D,,246,
CIM05U601NC,,246,
ERJ-1GEF75R0C,,246,
ERJ-2RKF8061X,,246,
ERJ-2RKF7501X,,246,
RC1005F221CS,,246,
TSW-112-15-G-D,,1,
ESR03EZPJ3R0,,245,
CRCW0603300KFKEA,,245,
CRCW0603240KFKEA,,245,
DF40C-10DP-0.4V(51),,7,
RC0402FR-076K34L,,244,
RC0402FR-072K43L,,244,
RC0201FR-07240RL,,244,
LNJ308G8TRA,,9,
GRM033R71E102KA01D,,242,
RC0603FR-0710KL,,242,
RC0603FR-0729K4L,,242,
RC0603FR-0768KL,,242,
RC0603FR-07332KL,,242,
ERJ-1GEF6200C,,242,
ERJ-2RKF3573X,,242,
ERJ-2RKF1693X,,242,
ERJ-2RKF2201X,,242,
ERJ-2RKF9092X,,241,
ERJ-3EKF9102V,,241,
"SSM3K333R,LF",,20,
ERJ-3EKF2493V,,240,
ERJ-3EKF2431V,,240,
ERJ-3EKF3901V,,240,
RC0402FR-073K24L,,240,
RC0402FR-0713K3L,,240,
AC0402FR-07133KL,,240,
"74LVC3G34GM,125",,4,
RC0201FR-073K6L,,240,
ERJ-3GEYJ3R0V,,240,
GRM033R71A103KA01D,,239,
RC0402JR-071RL,,239,
RT0402BRD0726K1L,,239,
ERJ-1GEF4422C,,239,
GRM188R60J226MEA0J,,34,
ERJ-1GEF9761C,,238,
ERJ-1GEF3161C,,238,
CRCW0603180KFKEA,,235,
CC1210MKX5R7BB107,,5,
10033526-N3212LF,,5,
RC0402JR-077R5L,,234,
RC0201FR-0749K9L,,234,
RC0402FR-07100KL,,231,
RC0402FR-07100KL,,231,
ERJ-2GEJ205X,,230,
B02B-PASK(LF)(SN),,10,
ERJ-3EKF1202V,,230,
ERJ-3EKF4302V,,230,
ERJ-3EKF3601V,,230,
RC0402FR-0722K6L,,230,
RC0402FR-0722K6L,,230,
CRGH0603J10R,,230,
A3967SLBTR-T,,1,
RNCP1206FTD15R0,,229,
GRM155R71H152JA01D,,229,
CRCW04021R00FKED,,114,
68602-116HLF,,3,
GRM0335C1E120JA01D,,228,
RC0402FR-0733KL,,227,
RC0402FR-0747KL,,227,
RC0402FR-0760K4L,,227,
RC0402FR-07604KL,,227,
RC0402FR-071ML,,227,
RC0603FR-071K,,226,
GRM033R71E471KA01D,,226,
CRCW04021K69FKED,,226,
ERJ-1GEF8062C,,226,
ERJ-1GEF1873C,,226,
ERJ-1GEF1623C,,226,
ERJ-1GEF8252C,,226,
ERJ-1GEF8871C ,,226,
RC0201FR-0791KL,,226,
RC0201FR-0744K2L,,226,
ERJ-3EKF9762V,,224,
RC0402FR-071RL,,224,
LMK063BC6474KPLF,,56,
AT-2310-T-LW100-R,,1,
ERJ-2RKF75R0X,,221,
22-12-2044,,2,
DF57-2830SCF,,44,
RC0402FR-0736KL,,220,
RC0201FR-07523KL,,220,
C0603C104M5RACTU,,219,
LSM115JE3/TR13,,3,
SN65HVD485EDGKR,,1,
CC0402KRX7R8BB332,,217,
MBR2H200SFT1G,,36,
ERJ-3EKF59R0V,,108,
RC0201JR-071M2L,,215,
RC0201FR-07383KL,,215,
RC0201FR-07147KL,,215,
RC0201FR-07232KL,,215,
RC0201FR-07118KL,,215,
RC0402FR-0732K4L,,214,
RC0402FR-0732K4L,,214,
RC0402FR-07182KL,,213,
74479897150,,2,
292304-1,,1,
C0603C473K3RACTU,,105,
RC0201FR-0771K5L,,210,
RC0402FR-07510RL,,210,
CL31A226KAHNNNE,,10,
ERJ-6ENF1004V,,209,
RC0402FR-074K7L,,208,
RC0402FR-07220RL,,208,
GRM033R60J105MEA2D,,104,
CC0402KRX7R9BB102,,208,
ERJ-2RKF49R9X,,207,
DF13-2P-1.25DSA(50),,5,
GRM0335C1E100JA01D,,205,
ERJ-2RKF5233X,,205,
GRJ155R60J106ME11D,,34,
ERJ-3EKF3003V,,203,
RC0603FR-071K1L,,202,
MPZ1608S601ATA00,,67,
ERJ-6GEYJ470V,,200,
PRPC002SAAN-RC,,25,
ERJ-2RKF1002X,,200,
RC0402FR-0782RL,,199,
RC0201FR-0711K8L,,198,
RC0201FR-07220RL,,196,
RC0201FR-07220RL,,196,
CRCW06031R00FKEAHP,,39,
TPS54331DDA,,1,
RC0402JR-07330RL,,195,
RC0402FR-072KL,,191,
RC0201FR-07210KL,,190,
DF11-10DP-2DSA(01),,2,
ERJ-3EKF5602V,,188,
C0603C102K3RACTU,,188,
112515-75,,1,
CL05C330JB5NNNC,,187,
ERJ-1GEF10R0C,,186,
ERJ-3EKF3481V,,185,
ERJ-3EKF2200V,,185,
CRCW060330K0FKEA,,185,
ERJ-3EKF5762V,,185,
CRCW060320K0FKEA,,185,
CRG0603F330R,,185,
ERJ-PA3J220V,,183,
DF11-6DP-2DS(52),,2,
ERJ-3EKF5361V,,182,
ERJ-2RKF7500X,,180,
MMBT3904LT1,,45,
TCJB227M004R0035,,4,
UZR1V220MCL1GB,,9,
AC0201FR-074K7L,,180,
MC33164D-3G,,3,
DF3E-3P-2H(20) ,,6,
RT0603BRE0726K7L,,30,
24LC64-I/SM,,5,
"TCK107AG,LF",,12,
GRM033C81A473KE05D,,179,
ERJ-2RKF6802X,,179,
ERJ-1GEJ242C,,178,
RC0603FR-0752K3L,,178,
RC0402FR-073K32L,,59,
RC0402FR-071K07L,,59,
RC0402FR-0711K8L,,59,
RC0402FR-0761K9L,,59,
RC0402FR-0768K1L,,59,
SN74AC14PW,,4,
M20-9990245,,22,
CC0201JRNPO9BN470,,176,
"74AHC126BQ,115",,5,
TLNL227M006R1000,,1,
RC0201FR-0751K1L,,172,
B8B-XH-A(LF)(SN),,5,
DF11-8DP-2DSA(01),,2,
PIC24FJ256GA702-I/MV,,1,
ERJ-3EKF4022V,,169,
ERJ-3EKF6042V,,169,
ERJ-3EKF3000V,,168,
ERJ-3GEYJ1R0V,,168,
RC0402FR-0745K3L,,168,
0402B474K100CT,,28,
RC0201FR-07316KL,,168,
ERJ-3EKF3402V,,166,
RC0201FR-072K87L,,166,
MBR10200UPS-TP,,2,
RT8035GQW,,2,
SN74LVC1G32DCKT,,15,
ERJ-1GEF2491C,,163,
ERJ-1GEF2491C,,163,
RC0603JR-07470RL,,162,
DF40C-10DS-0.4V(51),,7,
ERJ-3EKF6811V,,161,
ERJ-3EKF3922V,,161,
ERJ-6ENF3903V,,80,
RC0201FR-07402KL,,160,
ERJ-6ENF3900V,,158,
C0603C332K5RACTU,,158,
RC0402FR-07210KL,,158,
ERJ-3EKF2260V,,158,
ERJ-3EKF2320V,,158,
ERJ-2RKF4532X,,39,
DF13A-4P-1.25H(50),,3,
ERJ-3EKF5491V,,156,
B6B-PH-K-S(LF)(SN),,5,
ERJ-3RSFR10V,,153,
CL05X106MR5NUNC,,38,
C0402C103K4RACTU,,149,
RC0201FR-07100RL,,149,
RT0603FRE071KL,,148,
ERJ-3EKF5100V,,146,
NC7SZ125P5X,,29,
TPS63051RMWR,,5,
EEF-GX0D471R,,2,
ERJ-2RKF6042X,,143,
ERJ-3EKF7500V,,143,
ERJ-3EKF1243V,,142,
ERJ-3EKF2003V,,141,
SMAZ5V6-13-F,,5,
GRM155R71H223KA12D,,20,
RC0201FR-0775RL,,140,
C3225X7S2A335M200AB,,4,
MM3Z4V7B,,46,
C1608Y5V1C105Z,,68,
ERJ-3EKF1652V,,136,
4606X-101-271LF,,6,
ERJ-3EKF5600V,,132,
RC0201FR-0710KL,,132,
C0805C106K4PACTU,,10,
ERJ-6ENF1801V,,65,
ERJ-6ENF4021V,,65,
ERJ-6ENF5602V,,65,
ERJ-6RQF1R0V,,65,
RC0402FR-07330RL,,130,
MTSW-102-13-T-D-565,,5,
CRCW060310R0FKEAHP,,43,
IPBT-102-H1-T-D-RA,,1,
RC0201FR-0749R9L,,129,
SISS10DN-T1-GE3,,2,
RC0201FR-0710RL,,127,
ERJ-3EKF2201V,,126,
RC0201JR-07330RL,,122,
ERJ-1GEF1003C,,121,
C0402C101K4GACTU,,121,
NCP45525IMNTWG-H,,3,
CL31B106KAHNNNE,,24,
ERJ-6ENF1601V,,60,
ERJ-6ENF2701V,,60,
ERJ-6ENF4703V,,60,
SS24,,8,
ERJ-3EKF1203V,,120,
MPZ1608S331ATA00,,40,
TMK063CG431JT-F,,60,
ERJ-3EKF2672V,,120,
60R300XF,,2,
ERJ-3EKF6491V,,118,
ERJ-2RKF3300X,,117,
DF13-12P-1.25DSA(76),,1,
SST25PF020B-80-4C-SAE,,2,
RC0201FR-0733RL,,116,
74279252    ,,30,
DF13A-2P-1.25H(21),,5,
2410SFV5.00FM/125-2,,1,
5-146256-4,,1,
CRCW06031K30FKEA,,112,
ERJ-6ENF5100V,,55,
LB Q39G-L2OO-35-1,,10,
0441006.WR,,2,
ERJ-3EKF7501V,,108,
C2Q 3,,6,
TMM-103-03-G-S,,2,
MSQA6V1W5T2G,,15,
RC0402JR-070RL,,104,
20021121-00004C4LF,,3,
C0603C472K5RACTU,,101,
CL03B103KQ3NNNC,,50,
RC0402FR-0711KL,,99,
ERJ-3EKF4021V,,98,
5034802000,,1,
5034802000,,1,
ERJ-3EKF4533V,,97,
CC0201KRX5R5BB224,,48,
GRM155C81C105ME11D,,16,
GRM188C80J226ME15D,,16,
CZRF52C3V3,,5,
2410SFV8.00FM/125-2,,1,
LSF0108PWR,,1,
ERJ-14Y0R00U,,23,
TPS22922BYZPR,,2,
GRM188R72A104KA35D,,10,
BLM15BD601SN1D,,30,
AO4752,,5,
ERJ-8ENF1002,,89,
LQH2HPZ1R0NJRL,,2,
C0603C682K3RACTU,,8,
530470310,,4,
RC0201FR-074K99L,,88,
CGA2B3X7R1E224K050BB,,22,
CL05B332KB5NNNC,,86,
9774015243R,,1,
C0805C471J5GACTU,,28,
ERA-2AED103X,,7,
DF13A-2P-1.25H(50),,2,
C1S 2,,4,
RC0402FR-07100RL,,84,
MMBT3904LT3G,,84,
RC0402FR-07100RL,,84,
C0603C103M5RACTU,,80,
CL10C430JB8NNNC,,79,
ERJ-2RKF1243X,,79,
RC0402FR-07162KL,,79,
DF13-9P-1.25DSA(50),,1,
DF13-3P-1.25DS(20),,2,
LPPB051NFFN-RC,,1,
B4B-XH-A(LF)(SN),,4,
CC0201KRX7R7BB103,,76,
CC0805JRNPO9BN471,,76,
RC0201FR-0733KL,,76,
RC0201JR-073K3L,,76,
PTS645SK43SMTRLFS,,5,
ERJ-3EKF82R0V,,75,
ERJ-2RKF22R0X,,74,
ERJ-3EKF1581V,,72,
ERJ-3EKF20R0V,,72,
ERJ-3EKF2100V,,72,
GRM0335C1H510GA01D,,72,
GRM0335C1E470JA01J,,72,
ERJ-3EKF1503V,,70,
ERJ-3EKF3743V,,70,
CRCW06033R00FKEA,,34,
TPS51206DSQR,,2,
EKZN500ELL101MHB5D,,3,
MMSZ5227B,,9,
DF13-3P-1.25DSA(50),,2,
1-2834016-4,,1,
ERJ-8ENF10R0V,,30,
ERJ-3EKF2403V,,30,
RT0603DRE0713K7L,,30,
RC0201FR-07100KL,,60,
C0603C104K4RACTU,,59,
RC0201JR-074K7L,,58,
CL05B103KA5NNNC,,58,
CRCW040245K3FKED,,57,
PEC11SBBN,,1,
RC0201FR-07150RL,,56,
RF2118-000,,1,
SN74LV14ADR,,5,
ERJ-3EKF4643V,,52,
CC0201KRX5R8BB103,,52,
DF13-2P-1.25DSA,,3,
DF13-6P-1.25DSA(50),,1,
ERJ-8ENF2000V,,25,
ERJ-3EKF1373V,,50,
ERJ-3EKF2491V,,48,
ERJ-3EKF1052V,,48,
HC-49/U-S24000000ABJB,,1,
SLP3-150-100-F,,2,
TPS7A051825PYKAR,,2,
RC0402FR-072K37L,,45,
ERJ-6ENF2000V,,44,
RC0603FR-0763K4L,,43,
67997-108HLF,,1,
DF57H-3P-1.2V(21),,1,
15244441    ,,1,
RC0201FR-071KL,,41,
22284020,,5,
RCS0402100RFKED,,40,
ERJ-3EKF22R0V,,38,
RC1608F106CS,,37,
ERJ-3EKF2002V,,34,
TMM-102-02-L-S,,2,
RC0402FR-0710K7L,,30,
RC0402FR-0710K7L,,30,
CL10A476MQENRBE,,1,
CL05B683KO5NNNC,,28,
ERJ-2RKF5102X,,26,
ERJ-3GEYJ391V,,25,
CGA4J3X7S2A105K125AB,,1,
DF3A-3P-2DSA,,2,
CL10B475KQ8NQNC,,11,
GRM033R61E103KA12D,,20,
ERJ-3EKF1242V,,10,
ERJ-3EKF8451V,,10,
ERJ-3EKF1153V,,9,
ERJ-3EKF4993V,,9,
ERJ-3EKF6651V,,9,
FDMS86201,,32,
LQG15HS27NJ02D,,160,
518-77-478M26-131106,,2,
MB2411A2G40,,11,
C1206C107M9PACTU,,80,
XCKU035-1SFVA784C,,1,
RC0201FR-072K7L,,255,
88X3220PA0-BTH4C000,,1,
CL03A105MR3CSNH,,460,
RT0402DRE0710KL,,230,
AC0402FR-0740K2L,,248,
UCC8-010-1-H-S-1-A  ,,8,
UEC5-019-2-H-D-RA-1 ,,19,
ASFLMPLV-100.000MHZ-LR-T,,3,
88X3310PA1-BUS4C000,,46,
EEE-FPV101XAP,,100,
GCJ188R71E105KA01D,,100,
CL21B475KOFNFNE,,94,
UMK107AB7105KA-T,,90,
GRM188R61C106KAALD,,46,
UMK316ABJ475KD-T,,24,
CGA6M3X7S2A475M200AB,,92,
M64,,2,
ERJ-3EKF6803V,,190,
C0603C102K5RECAUTO,,140,
GRT155R61E474KE01D,,60,
CL10A475KA8NQNC,,10,
GRM31CR61E476ME44L,,30,
XCVU095-2FFVB1760I,,2,
GRM188R61E106MA73D,,100,
T100V-020.0M,,1,
CGB2A1X5R1C105K033BC,,1844,
GRM31CR60J227ME11L,,78,
TMK107B7105KA-T,,174,
GRM155C80J106ME11D,,1628,
ERJ-1GNF8871C,,120,
02016D223KAT2A,,350,
CRCW040242K2FKED,,200,
RC0402FR-071K65L,,248,
RMCF0402FT12K7,,246,
CGA1A2X7R1C681K030BA,,248,
GRM033R71C102KA01D,,248,
CPF0402B28K7E1,,28,
ERA-2AEB1692X ,,248,
LQM32PN1R0MG0L,,22,
CL05A226MQ5N6J8,,110,
CL10A475KP8NNNC,,280,
C0603C200J5GACAUTO,,68,
CL32A107MQVNNWE,,74,
3412.0123.22,,25,
TMK325B7226KMHT,,0,
RC0603FR-0742K2L,,150,
GRT31CR61H106ME01L,,50,
SRP2512-2R2M,,56,
CL21A226MOCLRNC,,112,
DMN3065LW-7,,82,
CC0201KRX5R5BB474,,260,
CL21A476MQYNNNE,,136,
CL31A476MPHNNNE,,98,
22201C106MAT2A,,20,
EMK325ABJ107MM-P,,4,
APHF1608LSEEQBDZGKC,,32,
RC0201FR-0782K5L,,230,
TPSD227M016R0200V,,10,
APG1608SURKC,,126,
DF13-3P-1.25DSA,,53,
RC0402FR-0726K1L,,272,
ERA-2AEB103X,,100,
MT25QL512ABB1EW9-0SIT,,4,
SML-LX0404SIUPGUSB,,398,
ERJ-2RKF4701X,,8058,
RC0201FR-071K,,172,
SIS862DN-T1-GE3,,10,
1054500101,,5,
74279228111,,137,
ERJ-3EKF5233V,,96,
XPLAWT-00-0000-0000V5051,,500,
NCP21XV103J03RA,,5481,